OperatingPoint, measurementType, sysType, jetFlavor, etaMin, etaMax, ptMin, ptMax, discrMin, discrMax, formula
0, mujets, central, 0, 0.0, 2.4, 20.0, 30.0, 0, 1, 0.989727*((1.+(0.00121759*x))/(1.+(0.00128185*x)))
0, mujets, up, 0, 0.0, 2.4, 20.0, 30.0, 0, 1, 0.989727*((1.+(0.00121759*x))/(1.+(0.00128185*x))) + 0.0388675
0, mujets, down, 0, 0.0, 2.4, 20.0, 30.0, 0, 1, 0.989727*((1.+(0.00121759*x))/(1.+(0.00128185*x))) - 0.0388675
0, mujets, central, 0, 0.0, 2.4, 30.0, 40.0, 0, 1, 0.989727*((1.+(0.00121759*x))/(1.+(0.00128185*x)))
0, mujets, up, 0, 0.0, 2.4, 30.0, 40.0, 0, 1, 0.989727*((1.+(0.00121759*x))/(1.+(0.00128185*x))) + 0.0164903
0, mujets, down, 0, 0.0, 2.4, 30.0, 40.0, 0, 1, 0.989727*((1.+(0.00121759*x))/(1.+(0.00128185*x))) - 0.0164903
0, mujets, central, 0, 0.0, 2.4, 40.0, 50.0, 0, 1, 0.989727*((1.+(0.00121759*x))/(1.+(0.00128185*x)))
0, mujets, up, 0, 0.0, 2.4, 40.0, 50.0, 0, 1, 0.989727*((1.+(0.00121759*x))/(1.+(0.00128185*x))) + 0.0177018
0, mujets, down, 0, 0.0, 2.4, 40.0, 50.0, 0, 1, 0.989727*((1.+(0.00121759*x))/(1.+(0.00128185*x))) - 0.0177018
0, mujets, central, 0, 0.0, 2.4, 50.0, 60.0, 0, 1, 0.989727*((1.+(0.00121759*x))/(1.+(0.00128185*x)))
0, mujets, up, 0, 0.0, 2.4, 50.0, 60.0, 0, 1, 0.989727*((1.+(0.00121759*x))/(1.+(0.00128185*x))) + 0.0275803
0, mujets, down, 0, 0.0, 2.4, 50.0, 60.0, 0, 1, 0.989727*((1.+(0.00121759*x))/(1.+(0.00128185*x))) - 0.0275803
0, mujets, central, 0, 0.0, 2.4, 60.0, 70.0, 0, 1, 0.989727*((1.+(0.00121759*x))/(1.+(0.00128185*x)))
0, mujets, up, 0, 0.0, 2.4, 60.0, 70.0, 0, 1, 0.989727*((1.+(0.00121759*x))/(1.+(0.00128185*x))) + 0.0172903
0, mujets, down, 0, 0.0, 2.4, 60.0, 70.0, 0, 1, 0.989727*((1.+(0.00121759*x))/(1.+(0.00128185*x))) - 0.0172903
0, mujets, central, 0, 0.0, 2.4, 70.0, 80.0, 0, 1, 0.989727*((1.+(0.00121759*x))/(1.+(0.00128185*x)))
0, mujets, up, 0, 0.0, 2.4, 70.0, 80.0, 0, 1, 0.989727*((1.+(0.00121759*x))/(1.+(0.00128185*x))) + 0.0147039
0, mujets, down, 0, 0.0, 2.4, 70.0, 80.0, 0, 1, 0.989727*((1.+(0.00121759*x))/(1.+(0.00128185*x))) - 0.0147039
0, mujets, central, 0, 0.0, 2.4, 80.0, 100.0, 0, 1, 0.989727*((1.+(0.00121759*x))/(1.+(0.00128185*x)))
0, mujets, up, 0, 0.0, 2.4, 80.0, 100.0, 0, 1, 0.989727*((1.+(0.00121759*x))/(1.+(0.00128185*x))) + 0.0142096
0, mujets, down, 0, 0.0, 2.4, 80.0, 100.0, 0, 1, 0.989727*((1.+(0.00121759*x))/(1.+(0.00128185*x))) - 0.0142096
0, mujets, central, 0, 0.0, 2.4, 100.0, 120.0, 0, 1, 0.989727*((1.+(0.00121759*x))/(1.+(0.00128185*x)))
0, mujets, up, 0, 0.0, 2.4, 100.0, 120.0, 0, 1, 0.989727*((1.+(0.00121759*x))/(1.+(0.00128185*x))) + 0.0168941
0, mujets, down, 0, 0.0, 2.4, 100.0, 120.0, 0, 1, 0.989727*((1.+(0.00121759*x))/(1.+(0.00128185*x))) - 0.0168941
0, mujets, central, 0, 0.0, 2.4, 120.0, 160.0, 0, 1, 0.989727*((1.+(0.00121759*x))/(1.+(0.00128185*x)))
0, mujets, up, 0, 0.0, 2.4, 120.0, 160.0, 0, 1, 0.989727*((1.+(0.00121759*x))/(1.+(0.00128185*x))) + 0.0186198
0, mujets, down, 0, 0.0, 2.4, 120.0, 160.0, 0, 1, 0.989727*((1.+(0.00121759*x))/(1.+(0.00128185*x))) - 0.0186198
0, mujets, central, 0, 0.0, 2.4, 160.0, 210.0, 0, 1, 0.989727*((1.+(0.00121759*x))/(1.+(0.00128185*x)))
0, mujets, up, 0, 0.0, 2.4, 160.0, 210.0, 0, 1, 0.989727*((1.+(0.00121759*x))/(1.+(0.00128185*x))) + 0.0193647
0, mujets, down, 0, 0.0, 2.4, 160.0, 210.0, 0, 1, 0.989727*((1.+(0.00121759*x))/(1.+(0.00128185*x))) - 0.0193647
0, mujets, central, 0, 0.0, 2.4, 210.0, 260.0, 0, 1, 0.989727*((1.+(0.00121759*x))/(1.+(0.00128185*x)))
0, mujets, up, 0, 0.0, 2.4, 210.0, 260.0, 0, 1, 0.989727*((1.+(0.00121759*x))/(1.+(0.00128185*x))) + 0.0253269
0, mujets, down, 0, 0.0, 2.4, 210.0, 260.0, 0, 1, 0.989727*((1.+(0.00121759*x))/(1.+(0.00128185*x))) - 0.0253269
0, mujets, central, 0, 0.0, 2.4, 260.0, 320.0, 0, 1, 0.989727*((1.+(0.00121759*x))/(1.+(0.00128185*x)))
0, mujets, up, 0, 0.0, 2.4, 260.0, 320.0, 0, 1, 0.989727*((1.+(0.00121759*x))/(1.+(0.00128185*x))) + 0.0312774
0, mujets, down, 0, 0.0, 2.4, 260.0, 320.0, 0, 1, 0.989727*((1.+(0.00121759*x))/(1.+(0.00128185*x))) - 0.0312774
0, mujets, central, 0, 0.0, 2.4, 320.0, 400.0, 0, 1, 0.989727*((1.+(0.00121759*x))/(1.+(0.00128185*x)))
0, mujets, up, 0, 0.0, 2.4, 320.0, 400.0, 0, 1, 0.989727*((1.+(0.00121759*x))/(1.+(0.00128185*x))) + 0.0492155
0, mujets, down, 0, 0.0, 2.4, 320.0, 400.0, 0, 1, 0.989727*((1.+(0.00121759*x))/(1.+(0.00128185*x))) - 0.0492155
0, mujets, central, 0, 0.0, 2.4, 400.0, 500.0, 0, 1, 0.989727*((1.+(0.00121759*x))/(1.+(0.00128185*x)))
0, mujets, up, 0, 0.0, 2.4, 400.0, 500.0, 0, 1, 0.989727*((1.+(0.00121759*x))/(1.+(0.00128185*x))) + 0.0604374
0, mujets, down, 0, 0.0, 2.4, 400.0, 500.0, 0, 1, 0.989727*((1.+(0.00121759*x))/(1.+(0.00128185*x))) - 0.0604374
0, mujets, central, 0, 0.0, 2.4, 500.0, 670.0, 0, 1, 0.989727*((1.+(0.00121759*x))/(1.+(0.00128185*x)))
0, mujets, up, 0, 0.0, 2.4, 500.0, 670.0, 0, 1, 0.989727*((1.+(0.00121759*x))/(1.+(0.00128185*x))) + 0.0535661
0, mujets, down, 0, 0.0, 2.4, 500.0, 670.0, 0, 1, 0.989727*((1.+(0.00121759*x))/(1.+(0.00128185*x))) - 0.0535661
1, mujets, central, 0, 0.0, 2.4, 20.0, 30.0, 0, 1, 0.92955*((1.+(0.0589629*x))/(1.+(0.0568063*x)))
1, mujets, up, 0, 0.0, 2.4, 20.0, 30.0, 0, 1, 0.92955*((1.+(0.0589629*x))/(1.+(0.0568063*x))) + 0.0466655
1, mujets, down, 0, 0.0, 2.4, 20.0, 30.0, 0, 1, 0.92955*((1.+(0.0589629*x))/(1.+(0.0568063*x))) - 0.0466655
1, mujets, central, 0, 0.0, 2.4, 30.0, 40.0, 0, 1, 0.92955*((1.+(0.0589629*x))/(1.+(0.0568063*x)))
1, mujets, up, 0, 0.0, 2.4, 30.0, 40.0, 0, 1, 0.92955*((1.+(0.0589629*x))/(1.+(0.0568063*x))) + 0.0203547
1, mujets, down, 0, 0.0, 2.4, 30.0, 40.0, 0, 1, 0.92955*((1.+(0.0589629*x))/(1.+(0.0568063*x))) - 0.0203547
1, mujets, central, 0, 0.0, 2.4, 40.0, 50.0, 0, 1, 0.92955*((1.+(0.0589629*x))/(1.+(0.0568063*x)))
1, mujets, up, 0, 0.0, 2.4, 40.0, 50.0, 0, 1, 0.92955*((1.+(0.0589629*x))/(1.+(0.0568063*x))) + 0.0187707
1, mujets, down, 0, 0.0, 2.4, 40.0, 50.0, 0, 1, 0.92955*((1.+(0.0589629*x))/(1.+(0.0568063*x))) - 0.0187707
1, mujets, central, 0, 0.0, 2.4, 50.0, 60.0, 0, 1, 0.92955*((1.+(0.0589629*x))/(1.+(0.0568063*x)))
1, mujets, up, 0, 0.0, 2.4, 50.0, 60.0, 0, 1, 0.92955*((1.+(0.0589629*x))/(1.+(0.0568063*x))) + 0.0250719
1, mujets, down, 0, 0.0, 2.4, 50.0, 60.0, 0, 1, 0.92955*((1.+(0.0589629*x))/(1.+(0.0568063*x))) - 0.0250719
1, mujets, central, 0, 0.0, 2.4, 60.0, 70.0, 0, 1, 0.92955*((1.+(0.0589629*x))/(1.+(0.0568063*x)))
1, mujets, up, 0, 0.0, 2.4, 60.0, 70.0, 0, 1, 0.92955*((1.+(0.0589629*x))/(1.+(0.0568063*x))) + 0.023081
1, mujets, down, 0, 0.0, 2.4, 60.0, 70.0, 0, 1, 0.92955*((1.+(0.0589629*x))/(1.+(0.0568063*x))) - 0.023081
1, mujets, central, 0, 0.0, 2.4, 70.0, 80.0, 0, 1, 0.92955*((1.+(0.0589629*x))/(1.+(0.0568063*x)))
1, mujets, up, 0, 0.0, 2.4, 70.0, 80.0, 0, 1, 0.92955*((1.+(0.0589629*x))/(1.+(0.0568063*x))) + 0.0183273
1, mujets, down, 0, 0.0, 2.4, 70.0, 80.0, 0, 1, 0.92955*((1.+(0.0589629*x))/(1.+(0.0568063*x))) - 0.0183273
1, mujets, central, 0, 0.0, 2.4, 80.0, 100.0, 0, 1, 0.92955*((1.+(0.0589629*x))/(1.+(0.0568063*x)))
1, mujets, up, 0, 0.0, 2.4, 80.0, 100.0, 0, 1, 0.92955*((1.+(0.0589629*x))/(1.+(0.0568063*x))) + 0.0256502
1, mujets, down, 0, 0.0, 2.4, 80.0, 100.0, 0, 1, 0.92955*((1.+(0.0589629*x))/(1.+(0.0568063*x))) - 0.0256502
1, mujets, central, 0, 0.0, 2.4, 100.0, 120.0, 0, 1, 0.92955*((1.+(0.0589629*x))/(1.+(0.0568063*x)))
1, mujets, up, 0, 0.0, 2.4, 100.0, 120.0, 0, 1, 0.92955*((1.+(0.0589629*x))/(1.+(0.0568063*x))) + 0.0189555
1, mujets, down, 0, 0.0, 2.4, 100.0, 120.0, 0, 1, 0.92955*((1.+(0.0589629*x))/(1.+(0.0568063*x))) - 0.0189555
1, mujets, central, 0, 0.0, 2.4, 120.0, 160.0, 0, 1, 0.92955*((1.+(0.0589629*x))/(1.+(0.0568063*x)))
1, mujets, up, 0, 0.0, 2.4, 120.0, 160.0, 0, 1, 0.92955*((1.+(0.0589629*x))/(1.+(0.0568063*x))) + 0.0236561
1, mujets, down, 0, 0.0, 2.4, 120.0, 160.0, 0, 1, 0.92955*((1.+(0.0589629*x))/(1.+(0.0568063*x))) - 0.0236561
1, mujets, central, 0, 0.0, 2.4, 160.0, 210.0, 0, 1, 0.92955*((1.+(0.0589629*x))/(1.+(0.0568063*x)))
1, mujets, up, 0, 0.0, 2.4, 160.0, 210.0, 0, 1, 0.92955*((1.+(0.0589629*x))/(1.+(0.0568063*x))) + 0.0307624
1, mujets, down, 0, 0.0, 2.4, 160.0, 210.0, 0, 1, 0.92955*((1.+(0.0589629*x))/(1.+(0.0568063*x))) - 0.0307624
1, mujets, central, 0, 0.0, 2.4, 210.0, 260.0, 0, 1, 0.92955*((1.+(0.0589629*x))/(1.+(0.0568063*x)))
1, mujets, up, 0, 0.0, 2.4, 210.0, 260.0, 0, 1, 0.92955*((1.+(0.0589629*x))/(1.+(0.0568063*x))) + 0.0387889
1, mujets, down, 0, 0.0, 2.4, 210.0, 260.0, 0, 1, 0.92955*((1.+(0.0589629*x))/(1.+(0.0568063*x))) - 0.0387889
1, mujets, central, 0, 0.0, 2.4, 260.0, 320.0, 0, 1, 0.92955*((1.+(0.0589629*x))/(1.+(0.0568063*x)))
1, mujets, up, 0, 0.0, 2.4, 260.0, 320.0, 0, 1, 0.92955*((1.+(0.0589629*x))/(1.+(0.0568063*x))) + 0.0443912
1, mujets, down, 0, 0.0, 2.4, 260.0, 320.0, 0, 1, 0.92955*((1.+(0.0589629*x))/(1.+(0.0568063*x))) - 0.0443912
1, mujets, central, 0, 0.0, 2.4, 320.0, 400.0, 0, 1, 0.92955*((1.+(0.0589629*x))/(1.+(0.0568063*x)))
1, mujets, up, 0, 0.0, 2.4, 320.0, 400.0, 0, 1, 0.92955*((1.+(0.0589629*x))/(1.+(0.0568063*x))) + 0.0693573
1, mujets, down, 0, 0.0, 2.4, 320.0, 400.0, 0, 1, 0.92955*((1.+(0.0589629*x))/(1.+(0.0568063*x))) - 0.0693573
1, mujets, central, 0, 0.0, 2.4, 400.0, 500.0, 0, 1, 0.92955*((1.+(0.0589629*x))/(1.+(0.0568063*x)))
1, mujets, up, 0, 0.0, 2.4, 400.0, 500.0, 0, 1, 0.92955*((1.+(0.0589629*x))/(1.+(0.0568063*x))) + 0.0650147
1, mujets, down, 0, 0.0, 2.4, 400.0, 500.0, 0, 1, 0.92955*((1.+(0.0589629*x))/(1.+(0.0568063*x))) - 0.0650147
1, mujets, central, 0, 0.0, 2.4, 500.0, 670.0, 0, 1, 0.92955*((1.+(0.0589629*x))/(1.+(0.0568063*x)))
1, mujets, up, 0, 0.0, 2.4, 500.0, 670.0, 0, 1, 0.92955*((1.+(0.0589629*x))/(1.+(0.0568063*x))) + 0.066868
1, mujets, down, 0, 0.0, 2.4, 500.0, 670.0, 0, 1, 0.92955*((1.+(0.0589629*x))/(1.+(0.0568063*x))) - 0.066868
2, mujets, central, 0, 0.0, 2.4, 20.0, 30.0, 0, 1, 0.707475+(0.00985702*(log(x+19)*(log(x+18)*(3-(0.431311*log(x+18))))))
2, mujets, up, 0, 0.0, 2.4, 20.0, 30.0, 0, 1, 0.707475+(0.00985702*(log(x+19)*(log(x+18)*(3-(0.431311*log(x+18)))))) + 0.0714154
2, mujets, down, 0, 0.0, 2.4, 20.0, 30.0, 0, 1, 0.707475+(0.00985702*(log(x+19)*(log(x+18)*(3-(0.431311*log(x+18)))))) - 0.0714154
2, mujets, central, 0, 0.0, 2.4, 30.0, 40.0, 0, 1, 0.707475+(0.00985702*(log(x+19)*(log(x+18)*(3-(0.431311*log(x+18))))))
2, mujets, up, 0, 0.0, 2.4, 30.0, 40.0, 0, 1, 0.707475+(0.00985702*(log(x+19)*(log(x+18)*(3-(0.431311*log(x+18)))))) + 0.0256666
2, mujets, down, 0, 0.0, 2.4, 30.0, 40.0, 0, 1, 0.707475+(0.00985702*(log(x+19)*(log(x+18)*(3-(0.431311*log(x+18)))))) - 0.0256666
2, mujets, central, 0, 0.0, 2.4, 40.0, 50.0, 0, 1, 0.707475+(0.00985702*(log(x+19)*(log(x+18)*(3-(0.431311*log(x+18))))))
2, mujets, up, 0, 0.0, 2.4, 40.0, 50.0, 0, 1, 0.707475+(0.00985702*(log(x+19)*(log(x+18)*(3-(0.431311*log(x+18)))))) + 0.0255092
2, mujets, down, 0, 0.0, 2.4, 40.0, 50.0, 0, 1, 0.707475+(0.00985702*(log(x+19)*(log(x+18)*(3-(0.431311*log(x+18)))))) - 0.0255092
2, mujets, central, 0, 0.0, 2.4, 50.0, 60.0, 0, 1, 0.707475+(0.00985702*(log(x+19)*(log(x+18)*(3-(0.431311*log(x+18))))))
2, mujets, up, 0, 0.0, 2.4, 50.0, 60.0, 0, 1, 0.707475+(0.00985702*(log(x+19)*(log(x+18)*(3-(0.431311*log(x+18)))))) + 0.0319155
2, mujets, down, 0, 0.0, 2.4, 50.0, 60.0, 0, 1, 0.707475+(0.00985702*(log(x+19)*(log(x+18)*(3-(0.431311*log(x+18)))))) - 0.0319155
2, mujets, central, 0, 0.0, 2.4, 60.0, 70.0, 0, 1, 0.707475+(0.00985702*(log(x+19)*(log(x+18)*(3-(0.431311*log(x+18))))))
2, mujets, up, 0, 0.0, 2.4, 60.0, 70.0, 0, 1, 0.707475+(0.00985702*(log(x+19)*(log(x+18)*(3-(0.431311*log(x+18)))))) + 0.0303495
2, mujets, down, 0, 0.0, 2.4, 60.0, 70.0, 0, 1, 0.707475+(0.00985702*(log(x+19)*(log(x+18)*(3-(0.431311*log(x+18)))))) - 0.0303495
2, mujets, central, 0, 0.0, 2.4, 70.0, 80.0, 0, 1, 0.707475+(0.00985702*(log(x+19)*(log(x+18)*(3-(0.431311*log(x+18))))))
2, mujets, up, 0, 0.0, 2.4, 70.0, 80.0, 0, 1, 0.707475+(0.00985702*(log(x+19)*(log(x+18)*(3-(0.431311*log(x+18)))))) + 0.0297741
2, mujets, down, 0, 0.0, 2.4, 70.0, 80.0, 0, 1, 0.707475+(0.00985702*(log(x+19)*(log(x+18)*(3-(0.431311*log(x+18)))))) - 0.0297741
2, mujets, central, 0, 0.0, 2.4, 80.0, 100.0, 0, 1, 0.707475+(0.00985702*(log(x+19)*(log(x+18)*(3-(0.431311*log(x+18))))))
2, mujets, up, 0, 0.0, 2.4, 80.0, 100.0, 0, 1, 0.707475+(0.00985702*(log(x+19)*(log(x+18)*(3-(0.431311*log(x+18)))))) + 0.0372157
2, mujets, down, 0, 0.0, 2.4, 80.0, 100.0, 0, 1, 0.707475+(0.00985702*(log(x+19)*(log(x+18)*(3-(0.431311*log(x+18)))))) - 0.0372157
2, mujets, central, 0, 0.0, 2.4, 100.0, 120.0, 0, 1, 0.707475+(0.00985702*(log(x+19)*(log(x+18)*(3-(0.431311*log(x+18))))))
2, mujets, up, 0, 0.0, 2.4, 100.0, 120.0, 0, 1, 0.707475+(0.00985702*(log(x+19)*(log(x+18)*(3-(0.431311*log(x+18)))))) + 0.0313082
2, mujets, down, 0, 0.0, 2.4, 100.0, 120.0, 0, 1, 0.707475+(0.00985702*(log(x+19)*(log(x+18)*(3-(0.431311*log(x+18)))))) - 0.0313082
2, mujets, central, 0, 0.0, 2.4, 120.0, 160.0, 0, 1, 0.707475+(0.00985702*(log(x+19)*(log(x+18)*(3-(0.431311*log(x+18))))))
2, mujets, up, 0, 0.0, 2.4, 120.0, 160.0, 0, 1, 0.707475+(0.00985702*(log(x+19)*(log(x+18)*(3-(0.431311*log(x+18)))))) + 0.0391654
2, mujets, down, 0, 0.0, 2.4, 120.0, 160.0, 0, 1, 0.707475+(0.00985702*(log(x+19)*(log(x+18)*(3-(0.431311*log(x+18)))))) - 0.0391654
2, mujets, central, 0, 0.0, 2.4, 160.0, 210.0, 0, 1, 0.707475+(0.00985702*(log(x+19)*(log(x+18)*(3-(0.431311*log(x+18))))))
2, mujets, up, 0, 0.0, 2.4, 160.0, 210.0, 0, 1, 0.707475+(0.00985702*(log(x+19)*(log(x+18)*(3-(0.431311*log(x+18)))))) + 0.0519949
2, mujets, down, 0, 0.0, 2.4, 160.0, 210.0, 0, 1, 0.707475+(0.00985702*(log(x+19)*(log(x+18)*(3-(0.431311*log(x+18)))))) - 0.0519949
2, mujets, central, 0, 0.0, 2.4, 210.0, 260.0, 0, 1, 0.707475+(0.00985702*(log(x+19)*(log(x+18)*(3-(0.431311*log(x+18))))))
2, mujets, up, 0, 0.0, 2.4, 210.0, 260.0, 0, 1, 0.707475+(0.00985702*(log(x+19)*(log(x+18)*(3-(0.431311*log(x+18)))))) + 0.0579492
2, mujets, down, 0, 0.0, 2.4, 210.0, 260.0, 0, 1, 0.707475+(0.00985702*(log(x+19)*(log(x+18)*(3-(0.431311*log(x+18)))))) - 0.0579492
2, mujets, central, 0, 0.0, 2.4, 260.0, 320.0, 0, 1, 0.707475+(0.00985702*(log(x+19)*(log(x+18)*(3-(0.431311*log(x+18))))))
2, mujets, up, 0, 0.0, 2.4, 260.0, 320.0, 0, 1, 0.707475+(0.00985702*(log(x+19)*(log(x+18)*(3-(0.431311*log(x+18)))))) + 0.0597293
2, mujets, down, 0, 0.0, 2.4, 260.0, 320.0, 0, 1, 0.707475+(0.00985702*(log(x+19)*(log(x+18)*(3-(0.431311*log(x+18)))))) - 0.0597293
2, mujets, central, 0, 0.0, 2.4, 320.0, 400.0, 0, 1, 0.707475+(0.00985702*(log(x+19)*(log(x+18)*(3-(0.431311*log(x+18))))))
2, mujets, up, 0, 0.0, 2.4, 320.0, 400.0, 0, 1, 0.707475+(0.00985702*(log(x+19)*(log(x+18)*(3-(0.431311*log(x+18)))))) + 0.0865329
2, mujets, down, 0, 0.0, 2.4, 320.0, 400.0, 0, 1, 0.707475+(0.00985702*(log(x+19)*(log(x+18)*(3-(0.431311*log(x+18)))))) - 0.0865329
2, mujets, central, 0, 0.0, 2.4, 400.0, 500.0, 0, 1, 0.707475+(0.00985702*(log(x+19)*(log(x+18)*(3-(0.431311*log(x+18))))))
2, mujets, up, 0, 0.0, 2.4, 400.0, 500.0, 0, 1, 0.707475+(0.00985702*(log(x+19)*(log(x+18)*(3-(0.431311*log(x+18)))))) + 0.0778174
2, mujets, down, 0, 0.0, 2.4, 400.0, 500.0, 0, 1, 0.707475+(0.00985702*(log(x+19)*(log(x+18)*(3-(0.431311*log(x+18)))))) - 0.0778174
2, mujets, central, 0, 0.0, 2.4, 500.0, 670.0, 0, 1, 0.707475+(0.00985702*(log(x+19)*(log(x+18)*(3-(0.431311*log(x+18))))))
2, mujets, up, 0, 0.0, 2.4, 500.0, 670.0, 0, 1, 0.707475+(0.00985702*(log(x+19)*(log(x+18)*(3-(0.431311*log(x+18)))))) + 0.0692966
2, mujets, down, 0, 0.0, 2.4, 500.0, 670.0, 0, 1, 0.707475+(0.00985702*(log(x+19)*(log(x+18)*(3-(0.431311*log(x+18)))))) - 0.0692966
0, mujets, central, 1, 0.0, 2.4, 20.0, 30.0, 0, 1, 0.989727*((1.+(0.00121759*x))/(1.+(0.00128185*x)))
0, mujets, up, 1, 0.0, 2.4, 20.0, 30.0, 0, 1, 0.989727*((1.+(0.00121759*x))/(1.+(0.00128185*x))) + 0.0777351
0, mujets, down, 1, 0.0, 2.4, 20.0, 30.0, 0, 1, 0.989727*((1.+(0.00121759*x))/(1.+(0.00128185*x))) - 0.0777351
0, mujets, central, 1, 0.0, 2.4, 30.0, 40.0, 0, 1, 0.989727*((1.+(0.00121759*x))/(1.+(0.00128185*x)))
0, mujets, up, 1, 0.0, 2.4, 30.0, 40.0, 0, 1, 0.989727*((1.+(0.00121759*x))/(1.+(0.00128185*x))) + 0.0329806
0, mujets, down, 1, 0.0, 2.4, 30.0, 40.0, 0, 1, 0.989727*((1.+(0.00121759*x))/(1.+(0.00128185*x))) - 0.0329806
0, mujets, central, 1, 0.0, 2.4, 40.0, 50.0, 0, 1, 0.989727*((1.+(0.00121759*x))/(1.+(0.00128185*x)))
0, mujets, up, 1, 0.0, 2.4, 40.0, 50.0, 0, 1, 0.989727*((1.+(0.00121759*x))/(1.+(0.00128185*x))) + 0.0354036
0, mujets, down, 1, 0.0, 2.4, 40.0, 50.0, 0, 1, 0.989727*((1.+(0.00121759*x))/(1.+(0.00128185*x))) - 0.0354036
0, mujets, central, 1, 0.0, 2.4, 50.0, 60.0, 0, 1, 0.989727*((1.+(0.00121759*x))/(1.+(0.00128185*x)))
0, mujets, up, 1, 0.0, 2.4, 50.0, 60.0, 0, 1, 0.989727*((1.+(0.00121759*x))/(1.+(0.00128185*x))) + 0.0551606
0, mujets, down, 1, 0.0, 2.4, 50.0, 60.0, 0, 1, 0.989727*((1.+(0.00121759*x))/(1.+(0.00128185*x))) - 0.0551606
0, mujets, central, 1, 0.0, 2.4, 60.0, 70.0, 0, 1, 0.989727*((1.+(0.00121759*x))/(1.+(0.00128185*x)))
0, mujets, up, 1, 0.0, 2.4, 60.0, 70.0, 0, 1, 0.989727*((1.+(0.00121759*x))/(1.+(0.00128185*x))) + 0.0345806
0, mujets, down, 1, 0.0, 2.4, 60.0, 70.0, 0, 1, 0.989727*((1.+(0.00121759*x))/(1.+(0.00128185*x))) - 0.0345806
0, mujets, central, 1, 0.0, 2.4, 70.0, 80.0, 0, 1, 0.989727*((1.+(0.00121759*x))/(1.+(0.00128185*x)))
0, mujets, up, 1, 0.0, 2.4, 70.0, 80.0, 0, 1, 0.989727*((1.+(0.00121759*x))/(1.+(0.00128185*x))) + 0.0294079
0, mujets, down, 1, 0.0, 2.4, 70.0, 80.0, 0, 1, 0.989727*((1.+(0.00121759*x))/(1.+(0.00128185*x))) - 0.0294079
0, mujets, central, 1, 0.0, 2.4, 80.0, 100.0, 0, 1, 0.989727*((1.+(0.00121759*x))/(1.+(0.00128185*x)))
0, mujets, up, 1, 0.0, 2.4, 80.0, 100.0, 0, 1, 0.989727*((1.+(0.00121759*x))/(1.+(0.00128185*x))) + 0.0284192
0, mujets, down, 1, 0.0, 2.4, 80.0, 100.0, 0, 1, 0.989727*((1.+(0.00121759*x))/(1.+(0.00128185*x))) - 0.0284192
0, mujets, central, 1, 0.0, 2.4, 100.0, 120.0, 0, 1, 0.989727*((1.+(0.00121759*x))/(1.+(0.00128185*x)))
0, mujets, up, 1, 0.0, 2.4, 100.0, 120.0, 0, 1, 0.989727*((1.+(0.00121759*x))/(1.+(0.00128185*x))) + 0.0337882
0, mujets, down, 1, 0.0, 2.4, 100.0, 120.0, 0, 1, 0.989727*((1.+(0.00121759*x))/(1.+(0.00128185*x))) - 0.0337882
0, mujets, central, 1, 0.0, 2.4, 120.0, 160.0, 0, 1, 0.989727*((1.+(0.00121759*x))/(1.+(0.00128185*x)))
0, mujets, up, 1, 0.0, 2.4, 120.0, 160.0, 0, 1, 0.989727*((1.+(0.00121759*x))/(1.+(0.00128185*x))) + 0.0372397
0, mujets, down, 1, 0.0, 2.4, 120.0, 160.0, 0, 1, 0.989727*((1.+(0.00121759*x))/(1.+(0.00128185*x))) - 0.0372397
0, mujets, central, 1, 0.0, 2.4, 160.0, 210.0, 0, 1, 0.989727*((1.+(0.00121759*x))/(1.+(0.00128185*x)))
0, mujets, up, 1, 0.0, 2.4, 160.0, 210.0, 0, 1, 0.989727*((1.+(0.00121759*x))/(1.+(0.00128185*x))) + 0.0387295
0, mujets, down, 1, 0.0, 2.4, 160.0, 210.0, 0, 1, 0.989727*((1.+(0.00121759*x))/(1.+(0.00128185*x))) - 0.0387295
0, mujets, central, 1, 0.0, 2.4, 210.0, 260.0, 0, 1, 0.989727*((1.+(0.00121759*x))/(1.+(0.00128185*x)))
0, mujets, up, 1, 0.0, 2.4, 210.0, 260.0, 0, 1, 0.989727*((1.+(0.00121759*x))/(1.+(0.00128185*x))) + 0.0506537
0, mujets, down, 1, 0.0, 2.4, 210.0, 260.0, 0, 1, 0.989727*((1.+(0.00121759*x))/(1.+(0.00128185*x))) - 0.0506537
0, mujets, central, 1, 0.0, 2.4, 260.0, 320.0, 0, 1, 0.989727*((1.+(0.00121759*x))/(1.+(0.00128185*x)))
0, mujets, up, 1, 0.0, 2.4, 260.0, 320.0, 0, 1, 0.989727*((1.+(0.00121759*x))/(1.+(0.00128185*x))) + 0.0625547
0, mujets, down, 1, 0.0, 2.4, 260.0, 320.0, 0, 1, 0.989727*((1.+(0.00121759*x))/(1.+(0.00128185*x))) - 0.0625547
0, mujets, central, 1, 0.0, 2.4, 320.0, 400.0, 0, 1, 0.989727*((1.+(0.00121759*x))/(1.+(0.00128185*x)))
0, mujets, up, 1, 0.0, 2.4, 320.0, 400.0, 0, 1, 0.989727*((1.+(0.00121759*x))/(1.+(0.00128185*x))) + 0.0984309
0, mujets, down, 1, 0.0, 2.4, 320.0, 400.0, 0, 1, 0.989727*((1.+(0.00121759*x))/(1.+(0.00128185*x))) - 0.0984309
0, mujets, central, 1, 0.0, 2.4, 400.0, 500.0, 0, 1, 0.989727*((1.+(0.00121759*x))/(1.+(0.00128185*x)))
0, mujets, up, 1, 0.0, 2.4, 400.0, 500.0, 0, 1, 0.989727*((1.+(0.00121759*x))/(1.+(0.00128185*x))) + 0.120875
0, mujets, down, 1, 0.0, 2.4, 400.0, 500.0, 0, 1, 0.989727*((1.+(0.00121759*x))/(1.+(0.00128185*x))) - 0.120875
0, mujets, central, 1, 0.0, 2.4, 500.0, 670.0, 0, 1, 0.989727*((1.+(0.00121759*x))/(1.+(0.00128185*x)))
0, mujets, up, 1, 0.0, 2.4, 500.0, 670.0, 0, 1, 0.989727*((1.+(0.00121759*x))/(1.+(0.00128185*x))) + 0.107132
0, mujets, down, 1, 0.0, 2.4, 500.0, 670.0, 0, 1, 0.989727*((1.+(0.00121759*x))/(1.+(0.00128185*x))) - 0.107132
1, mujets, central, 1, 0.0, 2.4, 20.0, 30.0, 0, 1, 0.92955*((1.+(0.0589629*x))/(1.+(0.0568063*x)))
1, mujets, up, 1, 0.0, 2.4, 20.0, 30.0, 0, 1, 0.92955*((1.+(0.0589629*x))/(1.+(0.0568063*x))) + 0.0933309
1, mujets, down, 1, 0.0, 2.4, 20.0, 30.0, 0, 1, 0.92955*((1.+(0.0589629*x))/(1.+(0.0568063*x))) - 0.0933309
1, mujets, central, 1, 0.0, 2.4, 30.0, 40.0, 0, 1, 0.92955*((1.+(0.0589629*x))/(1.+(0.0568063*x)))
1, mujets, up, 1, 0.0, 2.4, 30.0, 40.0, 0, 1, 0.92955*((1.+(0.0589629*x))/(1.+(0.0568063*x))) + 0.0407095
1, mujets, down, 1, 0.0, 2.4, 30.0, 40.0, 0, 1, 0.92955*((1.+(0.0589629*x))/(1.+(0.0568063*x))) - 0.0407095
1, mujets, central, 1, 0.0, 2.4, 40.0, 50.0, 0, 1, 0.92955*((1.+(0.0589629*x))/(1.+(0.0568063*x)))
1, mujets, up, 1, 0.0, 2.4, 40.0, 50.0, 0, 1, 0.92955*((1.+(0.0589629*x))/(1.+(0.0568063*x))) + 0.0375415
1, mujets, down, 1, 0.0, 2.4, 40.0, 50.0, 0, 1, 0.92955*((1.+(0.0589629*x))/(1.+(0.0568063*x))) - 0.0375415
1, mujets, central, 1, 0.0, 2.4, 50.0, 60.0, 0, 1, 0.92955*((1.+(0.0589629*x))/(1.+(0.0568063*x)))
1, mujets, up, 1, 0.0, 2.4, 50.0, 60.0, 0, 1, 0.92955*((1.+(0.0589629*x))/(1.+(0.0568063*x))) + 0.0501438
1, mujets, down, 1, 0.0, 2.4, 50.0, 60.0, 0, 1, 0.92955*((1.+(0.0589629*x))/(1.+(0.0568063*x))) - 0.0501438
1, mujets, central, 1, 0.0, 2.4, 60.0, 70.0, 0, 1, 0.92955*((1.+(0.0589629*x))/(1.+(0.0568063*x)))
1, mujets, up, 1, 0.0, 2.4, 60.0, 70.0, 0, 1, 0.92955*((1.+(0.0589629*x))/(1.+(0.0568063*x))) + 0.0461621
1, mujets, down, 1, 0.0, 2.4, 60.0, 70.0, 0, 1, 0.92955*((1.+(0.0589629*x))/(1.+(0.0568063*x))) - 0.0461621
1, mujets, central, 1, 0.0, 2.4, 70.0, 80.0, 0, 1, 0.92955*((1.+(0.0589629*x))/(1.+(0.0568063*x)))
1, mujets, up, 1, 0.0, 2.4, 70.0, 80.0, 0, 1, 0.92955*((1.+(0.0589629*x))/(1.+(0.0568063*x))) + 0.0366546
1, mujets, down, 1, 0.0, 2.4, 70.0, 80.0, 0, 1, 0.92955*((1.+(0.0589629*x))/(1.+(0.0568063*x))) - 0.0366546
1, mujets, central, 1, 0.0, 2.4, 80.0, 100.0, 0, 1, 0.92955*((1.+(0.0589629*x))/(1.+(0.0568063*x)))
1, mujets, up, 1, 0.0, 2.4, 80.0, 100.0, 0, 1, 0.92955*((1.+(0.0589629*x))/(1.+(0.0568063*x))) + 0.0513004
1, mujets, down, 1, 0.0, 2.4, 80.0, 100.0, 0, 1, 0.92955*((1.+(0.0589629*x))/(1.+(0.0568063*x))) - 0.0513004
1, mujets, central, 1, 0.0, 2.4, 100.0, 120.0, 0, 1, 0.92955*((1.+(0.0589629*x))/(1.+(0.0568063*x)))
1, mujets, up, 1, 0.0, 2.4, 100.0, 120.0, 0, 1, 0.92955*((1.+(0.0589629*x))/(1.+(0.0568063*x))) + 0.037911
1, mujets, down, 1, 0.0, 2.4, 100.0, 120.0, 0, 1, 0.92955*((1.+(0.0589629*x))/(1.+(0.0568063*x))) - 0.037911
1, mujets, central, 1, 0.0, 2.4, 120.0, 160.0, 0, 1, 0.92955*((1.+(0.0589629*x))/(1.+(0.0568063*x)))
1, mujets, up, 1, 0.0, 2.4, 120.0, 160.0, 0, 1, 0.92955*((1.+(0.0589629*x))/(1.+(0.0568063*x))) + 0.0473123
1, mujets, down, 1, 0.0, 2.4, 120.0, 160.0, 0, 1, 0.92955*((1.+(0.0589629*x))/(1.+(0.0568063*x))) - 0.0473123
1, mujets, central, 1, 0.0, 2.4, 160.0, 210.0, 0, 1, 0.92955*((1.+(0.0589629*x))/(1.+(0.0568063*x)))
1, mujets, up, 1, 0.0, 2.4, 160.0, 210.0, 0, 1, 0.92955*((1.+(0.0589629*x))/(1.+(0.0568063*x))) + 0.0615247
1, mujets, down, 1, 0.0, 2.4, 160.0, 210.0, 0, 1, 0.92955*((1.+(0.0589629*x))/(1.+(0.0568063*x))) - 0.0615247
1, mujets, central, 1, 0.0, 2.4, 210.0, 260.0, 0, 1, 0.92955*((1.+(0.0589629*x))/(1.+(0.0568063*x)))
1, mujets, up, 1, 0.0, 2.4, 210.0, 260.0, 0, 1, 0.92955*((1.+(0.0589629*x))/(1.+(0.0568063*x))) + 0.0775778
1, mujets, down, 1, 0.0, 2.4, 210.0, 260.0, 0, 1, 0.92955*((1.+(0.0589629*x))/(1.+(0.0568063*x))) - 0.0775778
1, mujets, central, 1, 0.0, 2.4, 260.0, 320.0, 0, 1, 0.92955*((1.+(0.0589629*x))/(1.+(0.0568063*x)))
1, mujets, up, 1, 0.0, 2.4, 260.0, 320.0, 0, 1, 0.92955*((1.+(0.0589629*x))/(1.+(0.0568063*x))) + 0.0887824
1, mujets, down, 1, 0.0, 2.4, 260.0, 320.0, 0, 1, 0.92955*((1.+(0.0589629*x))/(1.+(0.0568063*x))) - 0.0887824
1, mujets, central, 1, 0.0, 2.4, 320.0, 400.0, 0, 1, 0.92955*((1.+(0.0589629*x))/(1.+(0.0568063*x)))
1, mujets, up, 1, 0.0, 2.4, 320.0, 400.0, 0, 1, 0.92955*((1.+(0.0589629*x))/(1.+(0.0568063*x))) + 0.138715
1, mujets, down, 1, 0.0, 2.4, 320.0, 400.0, 0, 1, 0.92955*((1.+(0.0589629*x))/(1.+(0.0568063*x))) - 0.138715
1, mujets, central, 1, 0.0, 2.4, 400.0, 500.0, 0, 1, 0.92955*((1.+(0.0589629*x))/(1.+(0.0568063*x)))
1, mujets, up, 1, 0.0, 2.4, 400.0, 500.0, 0, 1, 0.92955*((1.+(0.0589629*x))/(1.+(0.0568063*x))) + 0.130029
1, mujets, down, 1, 0.0, 2.4, 400.0, 500.0, 0, 1, 0.92955*((1.+(0.0589629*x))/(1.+(0.0568063*x))) - 0.130029
1, mujets, central, 1, 0.0, 2.4, 500.0, 670.0, 0, 1, 0.92955*((1.+(0.0589629*x))/(1.+(0.0568063*x)))
1, mujets, up, 1, 0.0, 2.4, 500.0, 670.0, 0, 1, 0.92955*((1.+(0.0589629*x))/(1.+(0.0568063*x))) + 0.133736
1, mujets, down, 1, 0.0, 2.4, 500.0, 670.0, 0, 1, 0.92955*((1.+(0.0589629*x))/(1.+(0.0568063*x))) - 0.133736
2, mujets, central, 1, 0.0, 2.4, 20.0, 30.0, 0, 1, 0.707475+(0.00985702*(log(x+19)*(log(x+18)*(3-(0.431311*log(x+18))))))
2, mujets, up, 1, 0.0, 2.4, 20.0, 30.0, 0, 1, 0.707475+(0.00985702*(log(x+19)*(log(x+18)*(3-(0.431311*log(x+18)))))) + 0.142831
2, mujets, down, 1, 0.0, 2.4, 20.0, 30.0, 0, 1, 0.707475+(0.00985702*(log(x+19)*(log(x+18)*(3-(0.431311*log(x+18)))))) - 0.142831
2, mujets, central, 1, 0.0, 2.4, 30.0, 40.0, 0, 1, 0.707475+(0.00985702*(log(x+19)*(log(x+18)*(3-(0.431311*log(x+18))))))
2, mujets, up, 1, 0.0, 2.4, 30.0, 40.0, 0, 1, 0.707475+(0.00985702*(log(x+19)*(log(x+18)*(3-(0.431311*log(x+18)))))) + 0.0513331
2, mujets, down, 1, 0.0, 2.4, 30.0, 40.0, 0, 1, 0.707475+(0.00985702*(log(x+19)*(log(x+18)*(3-(0.431311*log(x+18)))))) - 0.0513331
2, mujets, central, 1, 0.0, 2.4, 40.0, 50.0, 0, 1, 0.707475+(0.00985702*(log(x+19)*(log(x+18)*(3-(0.431311*log(x+18))))))
2, mujets, up, 1, 0.0, 2.4, 40.0, 50.0, 0, 1, 0.707475+(0.00985702*(log(x+19)*(log(x+18)*(3-(0.431311*log(x+18)))))) + 0.0510184
2, mujets, down, 1, 0.0, 2.4, 40.0, 50.0, 0, 1, 0.707475+(0.00985702*(log(x+19)*(log(x+18)*(3-(0.431311*log(x+18)))))) - 0.0510184
2, mujets, central, 1, 0.0, 2.4, 50.0, 60.0, 0, 1, 0.707475+(0.00985702*(log(x+19)*(log(x+18)*(3-(0.431311*log(x+18))))))
2, mujets, up, 1, 0.0, 2.4, 50.0, 60.0, 0, 1, 0.707475+(0.00985702*(log(x+19)*(log(x+18)*(3-(0.431311*log(x+18)))))) + 0.063831
2, mujets, down, 1, 0.0, 2.4, 50.0, 60.0, 0, 1, 0.707475+(0.00985702*(log(x+19)*(log(x+18)*(3-(0.431311*log(x+18)))))) - 0.063831
2, mujets, central, 1, 0.0, 2.4, 60.0, 70.0, 0, 1, 0.707475+(0.00985702*(log(x+19)*(log(x+18)*(3-(0.431311*log(x+18))))))
2, mujets, up, 1, 0.0, 2.4, 60.0, 70.0, 0, 1, 0.707475+(0.00985702*(log(x+19)*(log(x+18)*(3-(0.431311*log(x+18)))))) + 0.0606989
2, mujets, down, 1, 0.0, 2.4, 60.0, 70.0, 0, 1, 0.707475+(0.00985702*(log(x+19)*(log(x+18)*(3-(0.431311*log(x+18)))))) - 0.0606989
2, mujets, central, 1, 0.0, 2.4, 70.0, 80.0, 0, 1, 0.707475+(0.00985702*(log(x+19)*(log(x+18)*(3-(0.431311*log(x+18))))))
2, mujets, up, 1, 0.0, 2.4, 70.0, 80.0, 0, 1, 0.707475+(0.00985702*(log(x+19)*(log(x+18)*(3-(0.431311*log(x+18)))))) + 0.0595482
2, mujets, down, 1, 0.0, 2.4, 70.0, 80.0, 0, 1, 0.707475+(0.00985702*(log(x+19)*(log(x+18)*(3-(0.431311*log(x+18)))))) - 0.0595482
2, mujets, central, 1, 0.0, 2.4, 80.0, 100.0, 0, 1, 0.707475+(0.00985702*(log(x+19)*(log(x+18)*(3-(0.431311*log(x+18))))))
2, mujets, up, 1, 0.0, 2.4, 80.0, 100.0, 0, 1, 0.707475+(0.00985702*(log(x+19)*(log(x+18)*(3-(0.431311*log(x+18)))))) + 0.0744313
2, mujets, down, 1, 0.0, 2.4, 80.0, 100.0, 0, 1, 0.707475+(0.00985702*(log(x+19)*(log(x+18)*(3-(0.431311*log(x+18)))))) - 0.0744313
2, mujets, central, 1, 0.0, 2.4, 100.0, 120.0, 0, 1, 0.707475+(0.00985702*(log(x+19)*(log(x+18)*(3-(0.431311*log(x+18))))))
2, mujets, up, 1, 0.0, 2.4, 100.0, 120.0, 0, 1, 0.707475+(0.00985702*(log(x+19)*(log(x+18)*(3-(0.431311*log(x+18)))))) + 0.0626164
2, mujets, down, 1, 0.0, 2.4, 100.0, 120.0, 0, 1, 0.707475+(0.00985702*(log(x+19)*(log(x+18)*(3-(0.431311*log(x+18)))))) - 0.0626164
2, mujets, central, 1, 0.0, 2.4, 120.0, 160.0, 0, 1, 0.707475+(0.00985702*(log(x+19)*(log(x+18)*(3-(0.431311*log(x+18))))))
2, mujets, up, 1, 0.0, 2.4, 120.0, 160.0, 0, 1, 0.707475+(0.00985702*(log(x+19)*(log(x+18)*(3-(0.431311*log(x+18)))))) + 0.0783307
2, mujets, down, 1, 0.0, 2.4, 120.0, 160.0, 0, 1, 0.707475+(0.00985702*(log(x+19)*(log(x+18)*(3-(0.431311*log(x+18)))))) - 0.0783307
2, mujets, central, 1, 0.0, 2.4, 160.0, 210.0, 0, 1, 0.707475+(0.00985702*(log(x+19)*(log(x+18)*(3-(0.431311*log(x+18))))))
2, mujets, up, 1, 0.0, 2.4, 160.0, 210.0, 0, 1, 0.707475+(0.00985702*(log(x+19)*(log(x+18)*(3-(0.431311*log(x+18)))))) + 0.10399
2, mujets, down, 1, 0.0, 2.4, 160.0, 210.0, 0, 1, 0.707475+(0.00985702*(log(x+19)*(log(x+18)*(3-(0.431311*log(x+18)))))) - 0.10399
2, mujets, central, 1, 0.0, 2.4, 210.0, 260.0, 0, 1, 0.707475+(0.00985702*(log(x+19)*(log(x+18)*(3-(0.431311*log(x+18))))))
2, mujets, up, 1, 0.0, 2.4, 210.0, 260.0, 0, 1, 0.707475+(0.00985702*(log(x+19)*(log(x+18)*(3-(0.431311*log(x+18)))))) + 0.115898
2, mujets, down, 1, 0.0, 2.4, 210.0, 260.0, 0, 1, 0.707475+(0.00985702*(log(x+19)*(log(x+18)*(3-(0.431311*log(x+18)))))) - 0.115898
2, mujets, central, 1, 0.0, 2.4, 260.0, 320.0, 0, 1, 0.707475+(0.00985702*(log(x+19)*(log(x+18)*(3-(0.431311*log(x+18))))))
2, mujets, up, 1, 0.0, 2.4, 260.0, 320.0, 0, 1, 0.707475+(0.00985702*(log(x+19)*(log(x+18)*(3-(0.431311*log(x+18)))))) + 0.119459
2, mujets, down, 1, 0.0, 2.4, 260.0, 320.0, 0, 1, 0.707475+(0.00985702*(log(x+19)*(log(x+18)*(3-(0.431311*log(x+18)))))) - 0.119459
2, mujets, central, 1, 0.0, 2.4, 320.0, 400.0, 0, 1, 0.707475+(0.00985702*(log(x+19)*(log(x+18)*(3-(0.431311*log(x+18))))))
2, mujets, up, 1, 0.0, 2.4, 320.0, 400.0, 0, 1, 0.707475+(0.00985702*(log(x+19)*(log(x+18)*(3-(0.431311*log(x+18)))))) + 0.173066
2, mujets, down, 1, 0.0, 2.4, 320.0, 400.0, 0, 1, 0.707475+(0.00985702*(log(x+19)*(log(x+18)*(3-(0.431311*log(x+18)))))) - 0.173066
2, mujets, central, 1, 0.0, 2.4, 400.0, 500.0, 0, 1, 0.707475+(0.00985702*(log(x+19)*(log(x+18)*(3-(0.431311*log(x+18))))))
2, mujets, up, 1, 0.0, 2.4, 400.0, 500.0, 0, 1, 0.707475+(0.00985702*(log(x+19)*(log(x+18)*(3-(0.431311*log(x+18)))))) + 0.155635
2, mujets, down, 1, 0.0, 2.4, 400.0, 500.0, 0, 1, 0.707475+(0.00985702*(log(x+19)*(log(x+18)*(3-(0.431311*log(x+18)))))) - 0.155635
2, mujets, central, 1, 0.0, 2.4, 500.0, 670.0, 0, 1, 0.707475+(0.00985702*(log(x+19)*(log(x+18)*(3-(0.431311*log(x+18))))))
2, mujets, up, 1, 0.0, 2.4, 500.0, 670.0, 0, 1, 0.707475+(0.00985702*(log(x+19)*(log(x+18)*(3-(0.431311*log(x+18)))))) + 0.138593
2, mujets, down, 1, 0.0, 2.4, 500.0, 670.0, 0, 1, 0.707475+(0.00985702*(log(x+19)*(log(x+18)*(3-(0.431311*log(x+18)))))) - 0.138593
0, comb, central, 0, 0.0, 2.4, 20.0, 30.0, 0, 1, 0.989971*((1.+(0.0021189*x))/(1.+(0.00219937*x)))
0, comb, up, 0, 0.0, 2.4, 20.0, 30.0, 0, 1, 0.989971*((1.+(0.0021189*x))/(1.+(0.00219937*x))) + 0.0354111
0, comb, down, 0, 0.0, 2.4, 20.0, 30.0, 0, 1, 0.989971*((1.+(0.0021189*x))/(1.+(0.00219937*x))) - 0.0354111
0, comb, central, 0, 0.0, 2.4, 30.0, 40.0, 0, 1, 0.989971*((1.+(0.0021189*x))/(1.+(0.00219937*x)))
0, comb, up, 0, 0.0, 2.4, 30.0, 40.0, 0, 1, 0.989971*((1.+(0.0021189*x))/(1.+(0.00219937*x))) + 0.0160834
0, comb, down, 0, 0.0, 2.4, 30.0, 40.0, 0, 1, 0.989971*((1.+(0.0021189*x))/(1.+(0.00219937*x))) - 0.0160834
0, comb, central, 0, 0.0, 2.4, 40.0, 50.0, 0, 1, 0.989971*((1.+(0.0021189*x))/(1.+(0.00219937*x)))
0, comb, up, 0, 0.0, 2.4, 40.0, 50.0, 0, 1, 0.989971*((1.+(0.0021189*x))/(1.+(0.00219937*x))) + 0.0165822
0, comb, down, 0, 0.0, 2.4, 40.0, 50.0, 0, 1, 0.989971*((1.+(0.0021189*x))/(1.+(0.00219937*x))) - 0.0165822
0, comb, central, 0, 0.0, 2.4, 50.0, 60.0, 0, 1, 0.989971*((1.+(0.0021189*x))/(1.+(0.00219937*x)))
0, comb, up, 0, 0.0, 2.4, 50.0, 60.0, 0, 1, 0.989971*((1.+(0.0021189*x))/(1.+(0.00219937*x))) + 0.0231791
0, comb, down, 0, 0.0, 2.4, 50.0, 60.0, 0, 1, 0.989971*((1.+(0.0021189*x))/(1.+(0.00219937*x))) - 0.0231791
0, comb, central, 0, 0.0, 2.4, 60.0, 70.0, 0, 1, 0.989971*((1.+(0.0021189*x))/(1.+(0.00219937*x)))
0, comb, up, 0, 0.0, 2.4, 60.0, 70.0, 0, 1, 0.989971*((1.+(0.0021189*x))/(1.+(0.00219937*x))) + 0.0161562
0, comb, down, 0, 0.0, 2.4, 60.0, 70.0, 0, 1, 0.989971*((1.+(0.0021189*x))/(1.+(0.00219937*x))) - 0.0161562
0, comb, central, 0, 0.0, 2.4, 70.0, 80.0, 0, 1, 0.989971*((1.+(0.0021189*x))/(1.+(0.00219937*x)))
0, comb, up, 0, 0.0, 2.4, 70.0, 80.0, 0, 1, 0.989971*((1.+(0.0021189*x))/(1.+(0.00219937*x))) + 0.0138662
0, comb, down, 0, 0.0, 2.4, 70.0, 80.0, 0, 1, 0.989971*((1.+(0.0021189*x))/(1.+(0.00219937*x))) - 0.0138662
0, comb, central, 0, 0.0, 2.4, 80.0, 100.0, 0, 1, 0.989971*((1.+(0.0021189*x))/(1.+(0.00219937*x)))
0, comb, up, 0, 0.0, 2.4, 80.0, 100.0, 0, 1, 0.989971*((1.+(0.0021189*x))/(1.+(0.00219937*x))) + 0.0133905
0, comb, down, 0, 0.0, 2.4, 80.0, 100.0, 0, 1, 0.989971*((1.+(0.0021189*x))/(1.+(0.00219937*x))) - 0.0133905
0, comb, central, 0, 0.0, 2.4, 100.0, 120.0, 0, 1, 0.989971*((1.+(0.0021189*x))/(1.+(0.00219937*x)))
0, comb, up, 0, 0.0, 2.4, 100.0, 120.0, 0, 1, 0.989971*((1.+(0.0021189*x))/(1.+(0.00219937*x))) + 0.0153696
0, comb, down, 0, 0.0, 2.4, 100.0, 120.0, 0, 1, 0.989971*((1.+(0.0021189*x))/(1.+(0.00219937*x))) - 0.0153696
0, comb, central, 0, 0.0, 2.4, 120.0, 160.0, 0, 1, 0.989971*((1.+(0.0021189*x))/(1.+(0.00219937*x)))
0, comb, up, 0, 0.0, 2.4, 120.0, 160.0, 0, 1, 0.989971*((1.+(0.0021189*x))/(1.+(0.00219937*x))) + 0.01784
0, comb, down, 0, 0.0, 2.4, 120.0, 160.0, 0, 1, 0.989971*((1.+(0.0021189*x))/(1.+(0.00219937*x))) - 0.01784
0, comb, central, 0, 0.0, 2.4, 160.0, 210.0, 0, 1, 0.989971*((1.+(0.0021189*x))/(1.+(0.00219937*x)))
0, comb, up, 0, 0.0, 2.4, 160.0, 210.0, 0, 1, 0.989971*((1.+(0.0021189*x))/(1.+(0.00219937*x))) + 0.0184898
0, comb, down, 0, 0.0, 2.4, 160.0, 210.0, 0, 1, 0.989971*((1.+(0.0021189*x))/(1.+(0.00219937*x))) - 0.0184898
0, comb, central, 0, 0.0, 2.4, 210.0, 260.0, 0, 1, 0.989971*((1.+(0.0021189*x))/(1.+(0.00219937*x)))
0, comb, up, 0, 0.0, 2.4, 210.0, 260.0, 0, 1, 0.989971*((1.+(0.0021189*x))/(1.+(0.00219937*x))) + 0.025311
0, comb, down, 0, 0.0, 2.4, 210.0, 260.0, 0, 1, 0.989971*((1.+(0.0021189*x))/(1.+(0.00219937*x))) - 0.025311
0, comb, central, 0, 0.0, 2.4, 260.0, 320.0, 0, 1, 0.989971*((1.+(0.0021189*x))/(1.+(0.00219937*x)))
0, comb, up, 0, 0.0, 2.4, 260.0, 320.0, 0, 1, 0.989971*((1.+(0.0021189*x))/(1.+(0.00219937*x))) + 0.031264
0, comb, down, 0, 0.0, 2.4, 260.0, 320.0, 0, 1, 0.989971*((1.+(0.0021189*x))/(1.+(0.00219937*x))) - 0.031264
0, comb, central, 0, 0.0, 2.4, 320.0, 400.0, 0, 1, 0.989971*((1.+(0.0021189*x))/(1.+(0.00219937*x)))
0, comb, up, 0, 0.0, 2.4, 320.0, 400.0, 0, 1, 0.989971*((1.+(0.0021189*x))/(1.+(0.00219937*x))) + 0.0492106
0, comb, down, 0, 0.0, 2.4, 320.0, 400.0, 0, 1, 0.989971*((1.+(0.0021189*x))/(1.+(0.00219937*x))) - 0.0492106
0, comb, central, 0, 0.0, 2.4, 400.0, 500.0, 0, 1, 0.989971*((1.+(0.0021189*x))/(1.+(0.00219937*x)))
0, comb, up, 0, 0.0, 2.4, 400.0, 500.0, 0, 1, 0.989971*((1.+(0.0021189*x))/(1.+(0.00219937*x))) + 0.0604609
0, comb, down, 0, 0.0, 2.4, 400.0, 500.0, 0, 1, 0.989971*((1.+(0.0021189*x))/(1.+(0.00219937*x))) - 0.0604609
0, comb, central, 0, 0.0, 2.4, 500.0, 670.0, 0, 1, 0.989971*((1.+(0.0021189*x))/(1.+(0.00219937*x)))
0, comb, up, 0, 0.0, 2.4, 500.0, 670.0, 0, 1, 0.989971*((1.+(0.0021189*x))/(1.+(0.00219937*x))) + 0.0536284
0, comb, down, 0, 0.0, 2.4, 500.0, 670.0, 0, 1, 0.989971*((1.+(0.0021189*x))/(1.+(0.00219937*x))) - 0.0536284
1, comb, central, 0, 0.0, 2.4, 20.0, 30.0, 0, 1, 0.901113*((1.+(0.0862255*x))/(1.+(0.0800219*x)))
1, comb, up, 0, 0.0, 2.4, 20.0, 30.0, 0, 1, 0.901113*((1.+(0.0862255*x))/(1.+(0.0800219*x))) + 0.0459185
1, comb, down, 0, 0.0, 2.4, 20.0, 30.0, 0, 1, 0.901113*((1.+(0.0862255*x))/(1.+(0.0800219*x))) - 0.0459185
1, comb, central, 0, 0.0, 2.4, 30.0, 40.0, 0, 1, 0.901113*((1.+(0.0862255*x))/(1.+(0.0800219*x)))
1, comb, up, 0, 0.0, 2.4, 30.0, 40.0, 0, 1, 0.901113*((1.+(0.0862255*x))/(1.+(0.0800219*x))) + 0.0189419
1, comb, down, 0, 0.0, 2.4, 30.0, 40.0, 0, 1, 0.901113*((1.+(0.0862255*x))/(1.+(0.0800219*x))) - 0.0189419
1, comb, central, 0, 0.0, 2.4, 40.0, 50.0, 0, 1, 0.901113*((1.+(0.0862255*x))/(1.+(0.0800219*x)))
1, comb, up, 0, 0.0, 2.4, 40.0, 50.0, 0, 1, 0.901113*((1.+(0.0862255*x))/(1.+(0.0800219*x))) + 0.0175586
1, comb, down, 0, 0.0, 2.4, 40.0, 50.0, 0, 1, 0.901113*((1.+(0.0862255*x))/(1.+(0.0800219*x))) - 0.0175586
1, comb, central, 0, 0.0, 2.4, 50.0, 60.0, 0, 1, 0.901113*((1.+(0.0862255*x))/(1.+(0.0800219*x)))
1, comb, up, 0, 0.0, 2.4, 50.0, 60.0, 0, 1, 0.901113*((1.+(0.0862255*x))/(1.+(0.0800219*x))) + 0.0225921
1, comb, down, 0, 0.0, 2.4, 50.0, 60.0, 0, 1, 0.901113*((1.+(0.0862255*x))/(1.+(0.0800219*x))) - 0.0225921
1, comb, central, 0, 0.0, 2.4, 60.0, 70.0, 0, 1, 0.901113*((1.+(0.0862255*x))/(1.+(0.0800219*x)))
1, comb, up, 0, 0.0, 2.4, 60.0, 70.0, 0, 1, 0.901113*((1.+(0.0862255*x))/(1.+(0.0800219*x))) + 0.0210322
1, comb, down, 0, 0.0, 2.4, 60.0, 70.0, 0, 1, 0.901113*((1.+(0.0862255*x))/(1.+(0.0800219*x))) - 0.0210322
1, comb, central, 0, 0.0, 2.4, 70.0, 80.0, 0, 1, 0.901113*((1.+(0.0862255*x))/(1.+(0.0800219*x)))
1, comb, up, 0, 0.0, 2.4, 70.0, 80.0, 0, 1, 0.901113*((1.+(0.0862255*x))/(1.+(0.0800219*x))) + 0.0171835
1, comb, down, 0, 0.0, 2.4, 70.0, 80.0, 0, 1, 0.901113*((1.+(0.0862255*x))/(1.+(0.0800219*x))) - 0.0171835
1, comb, central, 0, 0.0, 2.4, 80.0, 100.0, 0, 1, 0.901113*((1.+(0.0862255*x))/(1.+(0.0800219*x)))
1, comb, up, 0, 0.0, 2.4, 80.0, 100.0, 0, 1, 0.901113*((1.+(0.0862255*x))/(1.+(0.0800219*x))) + 0.0224122
1, comb, down, 0, 0.0, 2.4, 80.0, 100.0, 0, 1, 0.901113*((1.+(0.0862255*x))/(1.+(0.0800219*x))) - 0.0224122
1, comb, central, 0, 0.0, 2.4, 100.0, 120.0, 0, 1, 0.901113*((1.+(0.0862255*x))/(1.+(0.0800219*x)))
1, comb, up, 0, 0.0, 2.4, 100.0, 120.0, 0, 1, 0.901113*((1.+(0.0862255*x))/(1.+(0.0800219*x))) + 0.0174026
1, comb, down, 0, 0.0, 2.4, 100.0, 120.0, 0, 1, 0.901113*((1.+(0.0862255*x))/(1.+(0.0800219*x))) - 0.0174026
1, comb, central, 0, 0.0, 2.4, 120.0, 160.0, 0, 1, 0.901113*((1.+(0.0862255*x))/(1.+(0.0800219*x)))
1, comb, up, 0, 0.0, 2.4, 120.0, 160.0, 0, 1, 0.901113*((1.+(0.0862255*x))/(1.+(0.0800219*x))) + 0.0221015
1, comb, down, 0, 0.0, 2.4, 120.0, 160.0, 0, 1, 0.901113*((1.+(0.0862255*x))/(1.+(0.0800219*x))) - 0.0221015
1, comb, central, 0, 0.0, 2.4, 160.0, 210.0, 0, 1, 0.901113*((1.+(0.0862255*x))/(1.+(0.0800219*x)))
1, comb, up, 0, 0.0, 2.4, 160.0, 210.0, 0, 1, 0.901113*((1.+(0.0862255*x))/(1.+(0.0800219*x))) + 0.0273914
1, comb, down, 0, 0.0, 2.4, 160.0, 210.0, 0, 1, 0.901113*((1.+(0.0862255*x))/(1.+(0.0800219*x))) - 0.0273914
1, comb, central, 0, 0.0, 2.4, 210.0, 260.0, 0, 1, 0.901113*((1.+(0.0862255*x))/(1.+(0.0800219*x)))
1, comb, up, 0, 0.0, 2.4, 210.0, 260.0, 0, 1, 0.901113*((1.+(0.0862255*x))/(1.+(0.0800219*x))) + 0.0389929
1, comb, down, 0, 0.0, 2.4, 210.0, 260.0, 0, 1, 0.901113*((1.+(0.0862255*x))/(1.+(0.0800219*x))) - 0.0389929
1, comb, central, 0, 0.0, 2.4, 260.0, 320.0, 0, 1, 0.901113*((1.+(0.0862255*x))/(1.+(0.0800219*x)))
1, comb, up, 0, 0.0, 2.4, 260.0, 320.0, 0, 1, 0.901113*((1.+(0.0862255*x))/(1.+(0.0800219*x))) + 0.0446339
1, comb, down, 0, 0.0, 2.4, 260.0, 320.0, 0, 1, 0.901113*((1.+(0.0862255*x))/(1.+(0.0800219*x))) - 0.0446339
1, comb, central, 0, 0.0, 2.4, 320.0, 400.0, 0, 1, 0.901113*((1.+(0.0862255*x))/(1.+(0.0800219*x)))
1, comb, up, 0, 0.0, 2.4, 320.0, 400.0, 0, 1, 0.901113*((1.+(0.0862255*x))/(1.+(0.0800219*x))) + 0.0697484
1, comb, down, 0, 0.0, 2.4, 320.0, 400.0, 0, 1, 0.901113*((1.+(0.0862255*x))/(1.+(0.0800219*x))) - 0.0697484
1, comb, central, 0, 0.0, 2.4, 400.0, 500.0, 0, 1, 0.901113*((1.+(0.0862255*x))/(1.+(0.0800219*x)))
1, comb, up, 0, 0.0, 2.4, 400.0, 500.0, 0, 1, 0.901113*((1.+(0.0862255*x))/(1.+(0.0800219*x))) + 0.0653906
1, comb, down, 0, 0.0, 2.4, 400.0, 500.0, 0, 1, 0.901113*((1.+(0.0862255*x))/(1.+(0.0800219*x))) - 0.0653906
1, comb, central, 0, 0.0, 2.4, 500.0, 670.0, 0, 1, 0.901113*((1.+(0.0862255*x))/(1.+(0.0800219*x)))
1, comb, up, 0, 0.0, 2.4, 500.0, 670.0, 0, 1, 0.901113*((1.+(0.0862255*x))/(1.+(0.0800219*x))) + 0.0672634
1, comb, down, 0, 0.0, 2.4, 500.0, 670.0, 0, 1, 0.901113*((1.+(0.0862255*x))/(1.+(0.0800219*x))) - 0.0672634
2, comb, central, 0, 0.0, 2.4, 20.0, 30.0, 0, 1, 0.660687+(0.0121137*(log(x+19)*(log(x+18)*(3-(0.424408*log(x+18))))))
2, comb, up, 0, 0.0, 2.4, 20.0, 30.0, 0, 1, 0.660687+(0.0121137*(log(x+19)*(log(x+18)*(3-(0.424408*log(x+18)))))) + 0.0689997
2, comb, down, 0, 0.0, 2.4, 20.0, 30.0, 0, 1, 0.660687+(0.0121137*(log(x+19)*(log(x+18)*(3-(0.424408*log(x+18)))))) - 0.0689997
2, comb, central, 0, 0.0, 2.4, 30.0, 40.0, 0, 1, 0.660687+(0.0121137*(log(x+19)*(log(x+18)*(3-(0.424408*log(x+18))))))
2, comb, up, 0, 0.0, 2.4, 30.0, 40.0, 0, 1, 0.660687+(0.0121137*(log(x+19)*(log(x+18)*(3-(0.424408*log(x+18)))))) + 0.0231386
2, comb, down, 0, 0.0, 2.4, 30.0, 40.0, 0, 1, 0.660687+(0.0121137*(log(x+19)*(log(x+18)*(3-(0.424408*log(x+18)))))) - 0.0231386
2, comb, central, 0, 0.0, 2.4, 40.0, 50.0, 0, 1, 0.660687+(0.0121137*(log(x+19)*(log(x+18)*(3-(0.424408*log(x+18))))))
2, comb, up, 0, 0.0, 2.4, 40.0, 50.0, 0, 1, 0.660687+(0.0121137*(log(x+19)*(log(x+18)*(3-(0.424408*log(x+18)))))) + 0.0228727
2, comb, down, 0, 0.0, 2.4, 40.0, 50.0, 0, 1, 0.660687+(0.0121137*(log(x+19)*(log(x+18)*(3-(0.424408*log(x+18)))))) - 0.0228727
2, comb, central, 0, 0.0, 2.4, 50.0, 60.0, 0, 1, 0.660687+(0.0121137*(log(x+19)*(log(x+18)*(3-(0.424408*log(x+18))))))
2, comb, up, 0, 0.0, 2.4, 50.0, 60.0, 0, 1, 0.660687+(0.0121137*(log(x+19)*(log(x+18)*(3-(0.424408*log(x+18)))))) + 0.0287163
2, comb, down, 0, 0.0, 2.4, 50.0, 60.0, 0, 1, 0.660687+(0.0121137*(log(x+19)*(log(x+18)*(3-(0.424408*log(x+18)))))) - 0.0287163
2, comb, central, 0, 0.0, 2.4, 60.0, 70.0, 0, 1, 0.660687+(0.0121137*(log(x+19)*(log(x+18)*(3-(0.424408*log(x+18))))))
2, comb, up, 0, 0.0, 2.4, 60.0, 70.0, 0, 1, 0.660687+(0.0121137*(log(x+19)*(log(x+18)*(3-(0.424408*log(x+18)))))) + 0.0274757
2, comb, down, 0, 0.0, 2.4, 60.0, 70.0, 0, 1, 0.660687+(0.0121137*(log(x+19)*(log(x+18)*(3-(0.424408*log(x+18)))))) - 0.0274757
2, comb, central, 0, 0.0, 2.4, 70.0, 80.0, 0, 1, 0.660687+(0.0121137*(log(x+19)*(log(x+18)*(3-(0.424408*log(x+18))))))
2, comb, up, 0, 0.0, 2.4, 70.0, 80.0, 0, 1, 0.660687+(0.0121137*(log(x+19)*(log(x+18)*(3-(0.424408*log(x+18)))))) + 0.0268039
2, comb, down, 0, 0.0, 2.4, 70.0, 80.0, 0, 1, 0.660687+(0.0121137*(log(x+19)*(log(x+18)*(3-(0.424408*log(x+18)))))) - 0.0268039
2, comb, central, 0, 0.0, 2.4, 80.0, 100.0, 0, 1, 0.660687+(0.0121137*(log(x+19)*(log(x+18)*(3-(0.424408*log(x+18))))))
2, comb, up, 0, 0.0, 2.4, 80.0, 100.0, 0, 1, 0.660687+(0.0121137*(log(x+19)*(log(x+18)*(3-(0.424408*log(x+18)))))) + 0.0323645
2, comb, down, 0, 0.0, 2.4, 80.0, 100.0, 0, 1, 0.660687+(0.0121137*(log(x+19)*(log(x+18)*(3-(0.424408*log(x+18)))))) - 0.0323645
2, comb, central, 0, 0.0, 2.4, 100.0, 120.0, 0, 1, 0.660687+(0.0121137*(log(x+19)*(log(x+18)*(3-(0.424408*log(x+18))))))
2, comb, up, 0, 0.0, 2.4, 100.0, 120.0, 0, 1, 0.660687+(0.0121137*(log(x+19)*(log(x+18)*(3-(0.424408*log(x+18)))))) + 0.0275249
2, comb, down, 0, 0.0, 2.4, 100.0, 120.0, 0, 1, 0.660687+(0.0121137*(log(x+19)*(log(x+18)*(3-(0.424408*log(x+18)))))) - 0.0275249
2, comb, central, 0, 0.0, 2.4, 120.0, 160.0, 0, 1, 0.660687+(0.0121137*(log(x+19)*(log(x+18)*(3-(0.424408*log(x+18))))))
2, comb, up, 0, 0.0, 2.4, 120.0, 160.0, 0, 1, 0.660687+(0.0121137*(log(x+19)*(log(x+18)*(3-(0.424408*log(x+18)))))) + 0.0348531
2, comb, down, 0, 0.0, 2.4, 120.0, 160.0, 0, 1, 0.660687+(0.0121137*(log(x+19)*(log(x+18)*(3-(0.424408*log(x+18)))))) - 0.0348531
2, comb, central, 0, 0.0, 2.4, 160.0, 210.0, 0, 1, 0.660687+(0.0121137*(log(x+19)*(log(x+18)*(3-(0.424408*log(x+18))))))
2, comb, up, 0, 0.0, 2.4, 160.0, 210.0, 0, 1, 0.660687+(0.0121137*(log(x+19)*(log(x+18)*(3-(0.424408*log(x+18)))))) + 0.0432938
2, comb, down, 0, 0.0, 2.4, 160.0, 210.0, 0, 1, 0.660687+(0.0121137*(log(x+19)*(log(x+18)*(3-(0.424408*log(x+18)))))) - 0.0432938
2, comb, central, 0, 0.0, 2.4, 210.0, 260.0, 0, 1, 0.660687+(0.0121137*(log(x+19)*(log(x+18)*(3-(0.424408*log(x+18))))))
2, comb, up, 0, 0.0, 2.4, 210.0, 260.0, 0, 1, 0.660687+(0.0121137*(log(x+19)*(log(x+18)*(3-(0.424408*log(x+18)))))) + 0.0585853
2, comb, down, 0, 0.0, 2.4, 210.0, 260.0, 0, 1, 0.660687+(0.0121137*(log(x+19)*(log(x+18)*(3-(0.424408*log(x+18)))))) - 0.0585853
2, comb, central, 0, 0.0, 2.4, 260.0, 320.0, 0, 1, 0.660687+(0.0121137*(log(x+19)*(log(x+18)*(3-(0.424408*log(x+18))))))
2, comb, up, 0, 0.0, 2.4, 260.0, 320.0, 0, 1, 0.660687+(0.0121137*(log(x+19)*(log(x+18)*(3-(0.424408*log(x+18)))))) + 0.0602825
2, comb, down, 0, 0.0, 2.4, 260.0, 320.0, 0, 1, 0.660687+(0.0121137*(log(x+19)*(log(x+18)*(3-(0.424408*log(x+18)))))) - 0.0602825
2, comb, central, 0, 0.0, 2.4, 320.0, 400.0, 0, 1, 0.660687+(0.0121137*(log(x+19)*(log(x+18)*(3-(0.424408*log(x+18))))))
2, comb, up, 0, 0.0, 2.4, 320.0, 400.0, 0, 1, 0.660687+(0.0121137*(log(x+19)*(log(x+18)*(3-(0.424408*log(x+18)))))) + 0.0871067
2, comb, down, 0, 0.0, 2.4, 320.0, 400.0, 0, 1, 0.660687+(0.0121137*(log(x+19)*(log(x+18)*(3-(0.424408*log(x+18)))))) - 0.0871067
2, comb, central, 0, 0.0, 2.4, 400.0, 500.0, 0, 1, 0.660687+(0.0121137*(log(x+19)*(log(x+18)*(3-(0.424408*log(x+18))))))
2, comb, up, 0, 0.0, 2.4, 400.0, 500.0, 0, 1, 0.660687+(0.0121137*(log(x+19)*(log(x+18)*(3-(0.424408*log(x+18)))))) + 0.0780367
2, comb, down, 0, 0.0, 2.4, 400.0, 500.0, 0, 1, 0.660687+(0.0121137*(log(x+19)*(log(x+18)*(3-(0.424408*log(x+18)))))) - 0.0780367
2, comb, central, 0, 0.0, 2.4, 500.0, 670.0, 0, 1, 0.660687+(0.0121137*(log(x+19)*(log(x+18)*(3-(0.424408*log(x+18))))))
2, comb, up, 0, 0.0, 2.4, 500.0, 670.0, 0, 1, 0.660687+(0.0121137*(log(x+19)*(log(x+18)*(3-(0.424408*log(x+18)))))) + 0.0690592
2, comb, down, 0, 0.0, 2.4, 500.0, 670.0, 0, 1, 0.660687+(0.0121137*(log(x+19)*(log(x+18)*(3-(0.424408*log(x+18)))))) - 0.0690592
0, comb, central, 1, 0.0, 2.4, 20.0, 30.0, 0, 1, 0.989971*((1.+(0.0021189*x))/(1.+(0.00219937*x)))
0, comb, up, 1, 0.0, 2.4, 20.0, 30.0, 0, 1, 0.989971*((1.+(0.0021189*x))/(1.+(0.00219937*x))) + 0.0708222
0, comb, down, 1, 0.0, 2.4, 20.0, 30.0, 0, 1, 0.989971*((1.+(0.0021189*x))/(1.+(0.00219937*x))) - 0.0708222
0, comb, central, 1, 0.0, 2.4, 30.0, 40.0, 0, 1, 0.989971*((1.+(0.0021189*x))/(1.+(0.00219937*x)))
0, comb, up, 1, 0.0, 2.4, 30.0, 40.0, 0, 1, 0.989971*((1.+(0.0021189*x))/(1.+(0.00219937*x))) + 0.0321669
0, comb, down, 1, 0.0, 2.4, 30.0, 40.0, 0, 1, 0.989971*((1.+(0.0021189*x))/(1.+(0.00219937*x))) - 0.0321669
0, comb, central, 1, 0.0, 2.4, 40.0, 50.0, 0, 1, 0.989971*((1.+(0.0021189*x))/(1.+(0.00219937*x)))
0, comb, up, 1, 0.0, 2.4, 40.0, 50.0, 0, 1, 0.989971*((1.+(0.0021189*x))/(1.+(0.00219937*x))) + 0.0331644
0, comb, down, 1, 0.0, 2.4, 40.0, 50.0, 0, 1, 0.989971*((1.+(0.0021189*x))/(1.+(0.00219937*x))) - 0.0331644
0, comb, central, 1, 0.0, 2.4, 50.0, 60.0, 0, 1, 0.989971*((1.+(0.0021189*x))/(1.+(0.00219937*x)))
0, comb, up, 1, 0.0, 2.4, 50.0, 60.0, 0, 1, 0.989971*((1.+(0.0021189*x))/(1.+(0.00219937*x))) + 0.0463583
0, comb, down, 1, 0.0, 2.4, 50.0, 60.0, 0, 1, 0.989971*((1.+(0.0021189*x))/(1.+(0.00219937*x))) - 0.0463583
0, comb, central, 1, 0.0, 2.4, 60.0, 70.0, 0, 1, 0.989971*((1.+(0.0021189*x))/(1.+(0.00219937*x)))
0, comb, up, 1, 0.0, 2.4, 60.0, 70.0, 0, 1, 0.989971*((1.+(0.0021189*x))/(1.+(0.00219937*x))) + 0.0323125
0, comb, down, 1, 0.0, 2.4, 60.0, 70.0, 0, 1, 0.989971*((1.+(0.0021189*x))/(1.+(0.00219937*x))) - 0.0323125
0, comb, central, 1, 0.0, 2.4, 70.0, 80.0, 0, 1, 0.989971*((1.+(0.0021189*x))/(1.+(0.00219937*x)))
0, comb, up, 1, 0.0, 2.4, 70.0, 80.0, 0, 1, 0.989971*((1.+(0.0021189*x))/(1.+(0.00219937*x))) + 0.0277323
0, comb, down, 1, 0.0, 2.4, 70.0, 80.0, 0, 1, 0.989971*((1.+(0.0021189*x))/(1.+(0.00219937*x))) - 0.0277323
0, comb, central, 1, 0.0, 2.4, 80.0, 100.0, 0, 1, 0.989971*((1.+(0.0021189*x))/(1.+(0.00219937*x)))
0, comb, up, 1, 0.0, 2.4, 80.0, 100.0, 0, 1, 0.989971*((1.+(0.0021189*x))/(1.+(0.00219937*x))) + 0.0267809
0, comb, down, 1, 0.0, 2.4, 80.0, 100.0, 0, 1, 0.989971*((1.+(0.0021189*x))/(1.+(0.00219937*x))) - 0.0267809
0, comb, central, 1, 0.0, 2.4, 100.0, 120.0, 0, 1, 0.989971*((1.+(0.0021189*x))/(1.+(0.00219937*x)))
0, comb, up, 1, 0.0, 2.4, 100.0, 120.0, 0, 1, 0.989971*((1.+(0.0021189*x))/(1.+(0.00219937*x))) + 0.0307393
0, comb, down, 1, 0.0, 2.4, 100.0, 120.0, 0, 1, 0.989971*((1.+(0.0021189*x))/(1.+(0.00219937*x))) - 0.0307393
0, comb, central, 1, 0.0, 2.4, 120.0, 160.0, 0, 1, 0.989971*((1.+(0.0021189*x))/(1.+(0.00219937*x)))
0, comb, up, 1, 0.0, 2.4, 120.0, 160.0, 0, 1, 0.989971*((1.+(0.0021189*x))/(1.+(0.00219937*x))) + 0.03568
0, comb, down, 1, 0.0, 2.4, 120.0, 160.0, 0, 1, 0.989971*((1.+(0.0021189*x))/(1.+(0.00219937*x))) - 0.03568
0, comb, central, 1, 0.0, 2.4, 160.0, 210.0, 0, 1, 0.989971*((1.+(0.0021189*x))/(1.+(0.00219937*x)))
0, comb, up, 1, 0.0, 2.4, 160.0, 210.0, 0, 1, 0.989971*((1.+(0.0021189*x))/(1.+(0.00219937*x))) + 0.0369795
0, comb, down, 1, 0.0, 2.4, 160.0, 210.0, 0, 1, 0.989971*((1.+(0.0021189*x))/(1.+(0.00219937*x))) - 0.0369795
0, comb, central, 1, 0.0, 2.4, 210.0, 260.0, 0, 1, 0.989971*((1.+(0.0021189*x))/(1.+(0.00219937*x)))
0, comb, up, 1, 0.0, 2.4, 210.0, 260.0, 0, 1, 0.989971*((1.+(0.0021189*x))/(1.+(0.00219937*x))) + 0.050622
0, comb, down, 1, 0.0, 2.4, 210.0, 260.0, 0, 1, 0.989971*((1.+(0.0021189*x))/(1.+(0.00219937*x))) - 0.050622
0, comb, central, 1, 0.0, 2.4, 260.0, 320.0, 0, 1, 0.989971*((1.+(0.0021189*x))/(1.+(0.00219937*x)))
0, comb, up, 1, 0.0, 2.4, 260.0, 320.0, 0, 1, 0.989971*((1.+(0.0021189*x))/(1.+(0.00219937*x))) + 0.062528
0, comb, down, 1, 0.0, 2.4, 260.0, 320.0, 0, 1, 0.989971*((1.+(0.0021189*x))/(1.+(0.00219937*x))) - 0.062528
0, comb, central, 1, 0.0, 2.4, 320.0, 400.0, 0, 1, 0.989971*((1.+(0.0021189*x))/(1.+(0.00219937*x)))
0, comb, up, 1, 0.0, 2.4, 320.0, 400.0, 0, 1, 0.989971*((1.+(0.0021189*x))/(1.+(0.00219937*x))) + 0.0984212
0, comb, down, 1, 0.0, 2.4, 320.0, 400.0, 0, 1, 0.989971*((1.+(0.0021189*x))/(1.+(0.00219937*x))) - 0.0984212
0, comb, central, 1, 0.0, 2.4, 400.0, 500.0, 0, 1, 0.989971*((1.+(0.0021189*x))/(1.+(0.00219937*x)))
0, comb, up, 1, 0.0, 2.4, 400.0, 500.0, 0, 1, 0.989971*((1.+(0.0021189*x))/(1.+(0.00219937*x))) + 0.120922
0, comb, down, 1, 0.0, 2.4, 400.0, 500.0, 0, 1, 0.989971*((1.+(0.0021189*x))/(1.+(0.00219937*x))) - 0.120922
0, comb, central, 1, 0.0, 2.4, 500.0, 670.0, 0, 1, 0.989971*((1.+(0.0021189*x))/(1.+(0.00219937*x)))
0, comb, up, 1, 0.0, 2.4, 500.0, 670.0, 0, 1, 0.989971*((1.+(0.0021189*x))/(1.+(0.00219937*x))) + 0.107257
0, comb, down, 1, 0.0, 2.4, 500.0, 670.0, 0, 1, 0.989971*((1.+(0.0021189*x))/(1.+(0.00219937*x))) - 0.107257
1, comb, central, 1, 0.0, 2.4, 20.0, 30.0, 0, 1, 0.901113*((1.+(0.0862255*x))/(1.+(0.0800219*x)))
1, comb, up, 1, 0.0, 2.4, 20.0, 30.0, 0, 1, 0.901113*((1.+(0.0862255*x))/(1.+(0.0800219*x))) + 0.091837
1, comb, down, 1, 0.0, 2.4, 20.0, 30.0, 0, 1, 0.901113*((1.+(0.0862255*x))/(1.+(0.0800219*x))) - 0.091837
1, comb, central, 1, 0.0, 2.4, 30.0, 40.0, 0, 1, 0.901113*((1.+(0.0862255*x))/(1.+(0.0800219*x)))
1, comb, up, 1, 0.0, 2.4, 30.0, 40.0, 0, 1, 0.901113*((1.+(0.0862255*x))/(1.+(0.0800219*x))) + 0.0378839
1, comb, down, 1, 0.0, 2.4, 30.0, 40.0, 0, 1, 0.901113*((1.+(0.0862255*x))/(1.+(0.0800219*x))) - 0.0378839
1, comb, central, 1, 0.0, 2.4, 40.0, 50.0, 0, 1, 0.901113*((1.+(0.0862255*x))/(1.+(0.0800219*x)))
1, comb, up, 1, 0.0, 2.4, 40.0, 50.0, 0, 1, 0.901113*((1.+(0.0862255*x))/(1.+(0.0800219*x))) + 0.0351172
1, comb, down, 1, 0.0, 2.4, 40.0, 50.0, 0, 1, 0.901113*((1.+(0.0862255*x))/(1.+(0.0800219*x))) - 0.0351172
1, comb, central, 1, 0.0, 2.4, 50.0, 60.0, 0, 1, 0.901113*((1.+(0.0862255*x))/(1.+(0.0800219*x)))
1, comb, up, 1, 0.0, 2.4, 50.0, 60.0, 0, 1, 0.901113*((1.+(0.0862255*x))/(1.+(0.0800219*x))) + 0.0451842
1, comb, down, 1, 0.0, 2.4, 50.0, 60.0, 0, 1, 0.901113*((1.+(0.0862255*x))/(1.+(0.0800219*x))) - 0.0451842
1, comb, central, 1, 0.0, 2.4, 60.0, 70.0, 0, 1, 0.901113*((1.+(0.0862255*x))/(1.+(0.0800219*x)))
1, comb, up, 1, 0.0, 2.4, 60.0, 70.0, 0, 1, 0.901113*((1.+(0.0862255*x))/(1.+(0.0800219*x))) + 0.0420645
1, comb, down, 1, 0.0, 2.4, 60.0, 70.0, 0, 1, 0.901113*((1.+(0.0862255*x))/(1.+(0.0800219*x))) - 0.0420645
1, comb, central, 1, 0.0, 2.4, 70.0, 80.0, 0, 1, 0.901113*((1.+(0.0862255*x))/(1.+(0.0800219*x)))
1, comb, up, 1, 0.0, 2.4, 70.0, 80.0, 0, 1, 0.901113*((1.+(0.0862255*x))/(1.+(0.0800219*x))) + 0.0343671
1, comb, down, 1, 0.0, 2.4, 70.0, 80.0, 0, 1, 0.901113*((1.+(0.0862255*x))/(1.+(0.0800219*x))) - 0.0343671
1, comb, central, 1, 0.0, 2.4, 80.0, 100.0, 0, 1, 0.901113*((1.+(0.0862255*x))/(1.+(0.0800219*x)))
1, comb, up, 1, 0.0, 2.4, 80.0, 100.0, 0, 1, 0.901113*((1.+(0.0862255*x))/(1.+(0.0800219*x))) + 0.0448244
1, comb, down, 1, 0.0, 2.4, 80.0, 100.0, 0, 1, 0.901113*((1.+(0.0862255*x))/(1.+(0.0800219*x))) - 0.0448244
1, comb, central, 1, 0.0, 2.4, 100.0, 120.0, 0, 1, 0.901113*((1.+(0.0862255*x))/(1.+(0.0800219*x)))
1, comb, up, 1, 0.0, 2.4, 100.0, 120.0, 0, 1, 0.901113*((1.+(0.0862255*x))/(1.+(0.0800219*x))) + 0.0348051
1, comb, down, 1, 0.0, 2.4, 100.0, 120.0, 0, 1, 0.901113*((1.+(0.0862255*x))/(1.+(0.0800219*x))) - 0.0348051
1, comb, central, 1, 0.0, 2.4, 120.0, 160.0, 0, 1, 0.901113*((1.+(0.0862255*x))/(1.+(0.0800219*x)))
1, comb, up, 1, 0.0, 2.4, 120.0, 160.0, 0, 1, 0.901113*((1.+(0.0862255*x))/(1.+(0.0800219*x))) + 0.044203
1, comb, down, 1, 0.0, 2.4, 120.0, 160.0, 0, 1, 0.901113*((1.+(0.0862255*x))/(1.+(0.0800219*x))) - 0.044203
1, comb, central, 1, 0.0, 2.4, 160.0, 210.0, 0, 1, 0.901113*((1.+(0.0862255*x))/(1.+(0.0800219*x)))
1, comb, up, 1, 0.0, 2.4, 160.0, 210.0, 0, 1, 0.901113*((1.+(0.0862255*x))/(1.+(0.0800219*x))) + 0.0547829
1, comb, down, 1, 0.0, 2.4, 160.0, 210.0, 0, 1, 0.901113*((1.+(0.0862255*x))/(1.+(0.0800219*x))) - 0.0547829
1, comb, central, 1, 0.0, 2.4, 210.0, 260.0, 0, 1, 0.901113*((1.+(0.0862255*x))/(1.+(0.0800219*x)))
1, comb, up, 1, 0.0, 2.4, 210.0, 260.0, 0, 1, 0.901113*((1.+(0.0862255*x))/(1.+(0.0800219*x))) + 0.0779859
1, comb, down, 1, 0.0, 2.4, 210.0, 260.0, 0, 1, 0.901113*((1.+(0.0862255*x))/(1.+(0.0800219*x))) - 0.0779859
1, comb, central, 1, 0.0, 2.4, 260.0, 320.0, 0, 1, 0.901113*((1.+(0.0862255*x))/(1.+(0.0800219*x)))
1, comb, up, 1, 0.0, 2.4, 260.0, 320.0, 0, 1, 0.901113*((1.+(0.0862255*x))/(1.+(0.0800219*x))) + 0.0892677
1, comb, down, 1, 0.0, 2.4, 260.0, 320.0, 0, 1, 0.901113*((1.+(0.0862255*x))/(1.+(0.0800219*x))) - 0.0892677
1, comb, central, 1, 0.0, 2.4, 320.0, 400.0, 0, 1, 0.901113*((1.+(0.0862255*x))/(1.+(0.0800219*x)))
1, comb, up, 1, 0.0, 2.4, 320.0, 400.0, 0, 1, 0.901113*((1.+(0.0862255*x))/(1.+(0.0800219*x))) + 0.139497
1, comb, down, 1, 0.0, 2.4, 320.0, 400.0, 0, 1, 0.901113*((1.+(0.0862255*x))/(1.+(0.0800219*x))) - 0.139497
1, comb, central, 1, 0.0, 2.4, 400.0, 500.0, 0, 1, 0.901113*((1.+(0.0862255*x))/(1.+(0.0800219*x)))
1, comb, up, 1, 0.0, 2.4, 400.0, 500.0, 0, 1, 0.901113*((1.+(0.0862255*x))/(1.+(0.0800219*x))) + 0.130781
1, comb, down, 1, 0.0, 2.4, 400.0, 500.0, 0, 1, 0.901113*((1.+(0.0862255*x))/(1.+(0.0800219*x))) - 0.130781
1, comb, central, 1, 0.0, 2.4, 500.0, 670.0, 0, 1, 0.901113*((1.+(0.0862255*x))/(1.+(0.0800219*x)))
1, comb, up, 1, 0.0, 2.4, 500.0, 670.0, 0, 1, 0.901113*((1.+(0.0862255*x))/(1.+(0.0800219*x))) + 0.134527
1, comb, down, 1, 0.0, 2.4, 500.0, 670.0, 0, 1, 0.901113*((1.+(0.0862255*x))/(1.+(0.0800219*x))) - 0.134527
2, comb, central, 1, 0.0, 2.4, 20.0, 30.0, 0, 1, 0.660687+(0.0121137*(log(x+19)*(log(x+18)*(3-(0.424408*log(x+18))))))
2, comb, up, 1, 0.0, 2.4, 20.0, 30.0, 0, 1, 0.660687+(0.0121137*(log(x+19)*(log(x+18)*(3-(0.424408*log(x+18)))))) + 0.137999
2, comb, down, 1, 0.0, 2.4, 20.0, 30.0, 0, 1, 0.660687+(0.0121137*(log(x+19)*(log(x+18)*(3-(0.424408*log(x+18)))))) - 0.137999
2, comb, central, 1, 0.0, 2.4, 30.0, 40.0, 0, 1, 0.660687+(0.0121137*(log(x+19)*(log(x+18)*(3-(0.424408*log(x+18))))))
2, comb, up, 1, 0.0, 2.4, 30.0, 40.0, 0, 1, 0.660687+(0.0121137*(log(x+19)*(log(x+18)*(3-(0.424408*log(x+18)))))) + 0.0462772
2, comb, down, 1, 0.0, 2.4, 30.0, 40.0, 0, 1, 0.660687+(0.0121137*(log(x+19)*(log(x+18)*(3-(0.424408*log(x+18)))))) - 0.0462772
2, comb, central, 1, 0.0, 2.4, 40.0, 50.0, 0, 1, 0.660687+(0.0121137*(log(x+19)*(log(x+18)*(3-(0.424408*log(x+18))))))
2, comb, up, 1, 0.0, 2.4, 40.0, 50.0, 0, 1, 0.660687+(0.0121137*(log(x+19)*(log(x+18)*(3-(0.424408*log(x+18)))))) + 0.0457454
2, comb, down, 1, 0.0, 2.4, 40.0, 50.0, 0, 1, 0.660687+(0.0121137*(log(x+19)*(log(x+18)*(3-(0.424408*log(x+18)))))) - 0.0457454
2, comb, central, 1, 0.0, 2.4, 50.0, 60.0, 0, 1, 0.660687+(0.0121137*(log(x+19)*(log(x+18)*(3-(0.424408*log(x+18))))))
2, comb, up, 1, 0.0, 2.4, 50.0, 60.0, 0, 1, 0.660687+(0.0121137*(log(x+19)*(log(x+18)*(3-(0.424408*log(x+18)))))) + 0.0574327
2, comb, down, 1, 0.0, 2.4, 50.0, 60.0, 0, 1, 0.660687+(0.0121137*(log(x+19)*(log(x+18)*(3-(0.424408*log(x+18)))))) - 0.0574327
2, comb, central, 1, 0.0, 2.4, 60.0, 70.0, 0, 1, 0.660687+(0.0121137*(log(x+19)*(log(x+18)*(3-(0.424408*log(x+18))))))
2, comb, up, 1, 0.0, 2.4, 60.0, 70.0, 0, 1, 0.660687+(0.0121137*(log(x+19)*(log(x+18)*(3-(0.424408*log(x+18)))))) + 0.0549514
2, comb, down, 1, 0.0, 2.4, 60.0, 70.0, 0, 1, 0.660687+(0.0121137*(log(x+19)*(log(x+18)*(3-(0.424408*log(x+18)))))) - 0.0549514
2, comb, central, 1, 0.0, 2.4, 70.0, 80.0, 0, 1, 0.660687+(0.0121137*(log(x+19)*(log(x+18)*(3-(0.424408*log(x+18))))))
2, comb, up, 1, 0.0, 2.4, 70.0, 80.0, 0, 1, 0.660687+(0.0121137*(log(x+19)*(log(x+18)*(3-(0.424408*log(x+18)))))) + 0.0536078
2, comb, down, 1, 0.0, 2.4, 70.0, 80.0, 0, 1, 0.660687+(0.0121137*(log(x+19)*(log(x+18)*(3-(0.424408*log(x+18)))))) - 0.0536078
2, comb, central, 1, 0.0, 2.4, 80.0, 100.0, 0, 1, 0.660687+(0.0121137*(log(x+19)*(log(x+18)*(3-(0.424408*log(x+18))))))
2, comb, up, 1, 0.0, 2.4, 80.0, 100.0, 0, 1, 0.660687+(0.0121137*(log(x+19)*(log(x+18)*(3-(0.424408*log(x+18)))))) + 0.0647289
2, comb, down, 1, 0.0, 2.4, 80.0, 100.0, 0, 1, 0.660687+(0.0121137*(log(x+19)*(log(x+18)*(3-(0.424408*log(x+18)))))) - 0.0647289
2, comb, central, 1, 0.0, 2.4, 100.0, 120.0, 0, 1, 0.660687+(0.0121137*(log(x+19)*(log(x+18)*(3-(0.424408*log(x+18))))))
2, comb, up, 1, 0.0, 2.4, 100.0, 120.0, 0, 1, 0.660687+(0.0121137*(log(x+19)*(log(x+18)*(3-(0.424408*log(x+18)))))) + 0.0550497
2, comb, down, 1, 0.0, 2.4, 100.0, 120.0, 0, 1, 0.660687+(0.0121137*(log(x+19)*(log(x+18)*(3-(0.424408*log(x+18)))))) - 0.0550497
2, comb, central, 1, 0.0, 2.4, 120.0, 160.0, 0, 1, 0.660687+(0.0121137*(log(x+19)*(log(x+18)*(3-(0.424408*log(x+18))))))
2, comb, up, 1, 0.0, 2.4, 120.0, 160.0, 0, 1, 0.660687+(0.0121137*(log(x+19)*(log(x+18)*(3-(0.424408*log(x+18)))))) + 0.0697062
2, comb, down, 1, 0.0, 2.4, 120.0, 160.0, 0, 1, 0.660687+(0.0121137*(log(x+19)*(log(x+18)*(3-(0.424408*log(x+18)))))) - 0.0697062
2, comb, central, 1, 0.0, 2.4, 160.0, 210.0, 0, 1, 0.660687+(0.0121137*(log(x+19)*(log(x+18)*(3-(0.424408*log(x+18))))))
2, comb, up, 1, 0.0, 2.4, 160.0, 210.0, 0, 1, 0.660687+(0.0121137*(log(x+19)*(log(x+18)*(3-(0.424408*log(x+18)))))) + 0.0865876
2, comb, down, 1, 0.0, 2.4, 160.0, 210.0, 0, 1, 0.660687+(0.0121137*(log(x+19)*(log(x+18)*(3-(0.424408*log(x+18)))))) - 0.0865876
2, comb, central, 1, 0.0, 2.4, 210.0, 260.0, 0, 1, 0.660687+(0.0121137*(log(x+19)*(log(x+18)*(3-(0.424408*log(x+18))))))
2, comb, up, 1, 0.0, 2.4, 210.0, 260.0, 0, 1, 0.660687+(0.0121137*(log(x+19)*(log(x+18)*(3-(0.424408*log(x+18)))))) + 0.117171
2, comb, down, 1, 0.0, 2.4, 210.0, 260.0, 0, 1, 0.660687+(0.0121137*(log(x+19)*(log(x+18)*(3-(0.424408*log(x+18)))))) - 0.117171
2, comb, central, 1, 0.0, 2.4, 260.0, 320.0, 0, 1, 0.660687+(0.0121137*(log(x+19)*(log(x+18)*(3-(0.424408*log(x+18))))))
2, comb, up, 1, 0.0, 2.4, 260.0, 320.0, 0, 1, 0.660687+(0.0121137*(log(x+19)*(log(x+18)*(3-(0.424408*log(x+18)))))) + 0.120565
2, comb, down, 1, 0.0, 2.4, 260.0, 320.0, 0, 1, 0.660687+(0.0121137*(log(x+19)*(log(x+18)*(3-(0.424408*log(x+18)))))) - 0.120565
2, comb, central, 1, 0.0, 2.4, 320.0, 400.0, 0, 1, 0.660687+(0.0121137*(log(x+19)*(log(x+18)*(3-(0.424408*log(x+18))))))
2, comb, up, 1, 0.0, 2.4, 320.0, 400.0, 0, 1, 0.660687+(0.0121137*(log(x+19)*(log(x+18)*(3-(0.424408*log(x+18)))))) + 0.174213
2, comb, down, 1, 0.0, 2.4, 320.0, 400.0, 0, 1, 0.660687+(0.0121137*(log(x+19)*(log(x+18)*(3-(0.424408*log(x+18)))))) - 0.174213
2, comb, central, 1, 0.0, 2.4, 400.0, 500.0, 0, 1, 0.660687+(0.0121137*(log(x+19)*(log(x+18)*(3-(0.424408*log(x+18))))))
2, comb, up, 1, 0.0, 2.4, 400.0, 500.0, 0, 1, 0.660687+(0.0121137*(log(x+19)*(log(x+18)*(3-(0.424408*log(x+18)))))) + 0.156073
2, comb, down, 1, 0.0, 2.4, 400.0, 500.0, 0, 1, 0.660687+(0.0121137*(log(x+19)*(log(x+18)*(3-(0.424408*log(x+18)))))) - 0.156073
2, comb, central, 1, 0.0, 2.4, 500.0, 670.0, 0, 1, 0.660687+(0.0121137*(log(x+19)*(log(x+18)*(3-(0.424408*log(x+18))))))
2, comb, up, 1, 0.0, 2.4, 500.0, 670.0, 0, 1, 0.660687+(0.0121137*(log(x+19)*(log(x+18)*(3-(0.424408*log(x+18)))))) + 0.138118
2, comb, down, 1, 0.0, 2.4, 500.0, 670.0, 0, 1, 0.660687+(0.0121137*(log(x+19)*(log(x+18)*(3-(0.424408*log(x+18)))))) - 0.138118
0, comb, central, 2, 0.0, 0.5, 20.0, 1000.0, 0, 1, (((0.932395+(0.0012164*x))+(-3.20926e-06*(x*x)))+(2.23357e-09*(x*(x*x))))
0, comb, up, 2, 0.0, 0.5, 20.0, 1000.0, 0, 1, (((0.932395+(0.0012164*x))+(-3.20926e-06*(x*x)))+(2.23357e-09*(x*(x*x)))) + ((((0.9673+(0.00159594*x))+(-4.17044e-06*(x*x)))+(2.87511e-09*(x*(x*x))))-(((0.897505+(0.000834659*x))+(-2.24205e-06*(x*x)))+(1.58927e-09*(x*(x*x)))))/2.0
0, comb, down, 2, 0.0, 0.5, 20.0, 1000.0, 0, 1, (((0.932395+(0.0012164*x))+(-3.20926e-06*(x*x)))+(2.23357e-09*(x*(x*x)))) - ((((0.9673+(0.00159594*x))+(-4.17044e-06*(x*x)))+(2.87511e-09*(x*(x*x))))-(((0.897505+(0.000834659*x))+(-2.24205e-06*(x*x)))+(1.58927e-09*(x*(x*x)))))/2.0
0, comb, central, 2, 0.5, 1.0, 20.0, 1000.0, 0, 1, (((0.903943+(0.00132684*x))+(-3.30107e-06*(x*x)))+(2.27727e-09*(x*(x*x))))
0, comb, up, 2, 0.5, 1.0, 20.0, 1000.0, 0, 1, (((0.903943+(0.00132684*x))+(-3.30107e-06*(x*x)))+(2.27727e-09*(x*(x*x)))) + ((((0.935549+(0.00169466*x))+(-4.26093e-06*(x*x)))+(2.94501e-09*(x*(x*x))))-(((0.872344+(0.000957013*x))+(-2.33602e-06*(x*x)))+(1.6076e-09*(x*(x*x)))))/2.0
0, comb, down, 2, 0.5, 1.0, 20.0, 1000.0, 0, 1, (((0.903943+(0.00132684*x))+(-3.30107e-06*(x*x)))+(2.27727e-09*(x*(x*x)))) - ((((0.935549+(0.00169466*x))+(-4.26093e-06*(x*x)))+(2.94501e-09*(x*(x*x))))-(((0.872344+(0.000957013*x))+(-2.33602e-06*(x*x)))+(1.6076e-09*(x*(x*x)))))/2.0
0, comb, central, 2, 1.0, 1.5, 20.0, 1000.0, 0, 1, (((0.926231+(0.000762976*x))+(-1.63688e-06*(x*x)))+(1.07499e-09*(x*(x*x))))
0, comb, up, 2, 1.0, 1.5, 20.0, 1000.0, 0, 1, (((0.926231+(0.000762976*x))+(-1.63688e-06*(x*x)))+(1.07499e-09*(x*(x*x)))) + ((((0.955916+(0.00102209*x))+(-2.3782e-06*(x*x)))+(1.63659e-09*(x*(x*x))))-(((0.896542+(0.000503084*x))+(-8.93994e-07*(x*x)))+(5.13329e-10*(x*(x*x)))))/2.0
0, comb, down, 2, 1.0, 1.5, 20.0, 1000.0, 0, 1, (((0.926231+(0.000762976*x))+(-1.63688e-06*(x*x)))+(1.07499e-09*(x*(x*x)))) - ((((0.955916+(0.00102209*x))+(-2.3782e-06*(x*x)))+(1.63659e-09*(x*(x*x))))-(((0.896542+(0.000503084*x))+(-8.93994e-07*(x*x)))+(5.13329e-10*(x*(x*x)))))/2.0
0, comb, central, 2, 1.5, 2.4, 20.0, 1000.0, 0, 1, (((0.954501+(0.000590771*x))+(-2.18168e-06*(x*x)))+(2.19186e-09*(x*(x*x))))
0, comb, up, 2, 1.5, 2.4, 20.0, 1000.0, 0, 1, (((0.954501+(0.000590771*x))+(-2.18168e-06*(x*x)))+(2.19186e-09*(x*(x*x)))) + ((((0.985835+(0.000754949*x))+(-2.89336e-06*(x*x)))+(2.96684e-09*(x*(x*x))))-(((0.923154+(0.000425757*x))+(-1.46748e-06*(x*x)))+(1.41771e-09*(x*(x*x)))))/2.0
0, comb, down, 2, 1.5, 2.4, 20.0, 1000.0, 0, 1, (((0.954501+(0.000590771*x))+(-2.18168e-06*(x*x)))+(2.19186e-09*(x*(x*x)))) - ((((0.985835+(0.000754949*x))+(-2.89336e-06*(x*x)))+(2.96684e-09*(x*(x*x))))-(((0.923154+(0.000425757*x))+(-1.46748e-06*(x*x)))+(1.41771e-09*(x*(x*x)))))/2.0
1, comb, central, 2, 0.0, 0.8, 20.0, 1000.0, 0, 1, (((0.922288+(0.00134434*x))+(-3.14949e-06*(x*x)))+(2.08253e-09*(x*(x*x))))
1, comb, up, 2, 0.0, 0.8, 20.0, 1000.0, 0, 1, (((0.922288+(0.00134434*x))+(-3.14949e-06*(x*x)))+(2.08253e-09*(x*(x*x)))) + ((((1.01835+(0.0018277*x))+(-4.37801e-06*(x*x)))+(2.90957e-09*(x*(x*x))))-(((0.826257+(0.000858843*x))+(-1.91563e-06*(x*x)))+(1.25331e-09*(x*(x*x)))))/2.0
1, comb, down, 2, 0.0, 0.8, 20.0, 1000.0, 0, 1, (((0.922288+(0.00134434*x))+(-3.14949e-06*(x*x)))+(2.08253e-09*(x*(x*x)))) - ((((1.01835+(0.0018277*x))+(-4.37801e-06*(x*x)))+(2.90957e-09*(x*(x*x))))-(((0.826257+(0.000858843*x))+(-1.91563e-06*(x*x)))+(1.25331e-09*(x*(x*x)))))/2.0
1, comb, central, 2, 0.8, 1.6, 20.0, 1000.0, 0, 1, (((0.908178+(0.00117751*x))+(-3.16036e-06*(x*x)))+(2.41646e-09*(x*(x*x))))
1, comb, up, 2, 0.8, 1.6, 20.0, 1000.0, 0, 1, (((0.908178+(0.00117751*x))+(-3.16036e-06*(x*x)))+(2.41646e-09*(x*(x*x)))) + ((((1.00329+(0.00152898*x))+(-4.21068e-06*(x*x)))+(3.23445e-09*(x*(x*x))))-(((0.813077+(0.000824155*x))+(-2.10494e-06*(x*x)))+(1.59692e-09*(x*(x*x)))))/2.0
1, comb, down, 2, 0.8, 1.6, 20.0, 1000.0, 0, 1, (((0.908178+(0.00117751*x))+(-3.16036e-06*(x*x)))+(2.41646e-09*(x*(x*x)))) - ((((1.00329+(0.00152898*x))+(-4.21068e-06*(x*x)))+(3.23445e-09*(x*(x*x))))-(((0.813077+(0.000824155*x))+(-2.10494e-06*(x*x)))+(1.59692e-09*(x*(x*x)))))/2.0
1, comb, central, 2, 1.6, 2.4, 20.0, 1000.0, 0, 1, (((0.869129+(0.000791629*x))+(-2.62216e-06*(x*x)))+(2.49432e-09*(x*(x*x))))
1, comb, up, 2, 1.6, 2.4, 20.0, 1000.0, 0, 1, (((0.869129+(0.000791629*x))+(-2.62216e-06*(x*x)))+(2.49432e-09*(x*(x*x)))) + ((((0.953682+(0.00104827*x))+(-3.71967e-06*(x*x)))+(3.73067e-09*(x*(x*x))))-(((0.784552+(0.000534202*x))+(-1.52298e-06*(x*x)))+(1.26036e-09*(x*(x*x)))))/2.0
1, comb, down, 2, 1.6, 2.4, 20.0, 1000.0, 0, 1, (((0.869129+(0.000791629*x))+(-2.62216e-06*(x*x)))+(2.49432e-09*(x*(x*x)))) - ((((0.953682+(0.00104827*x))+(-3.71967e-06*(x*x)))+(3.73067e-09*(x*(x*x))))-(((0.784552+(0.000534202*x))+(-1.52298e-06*(x*x)))+(1.26036e-09*(x*(x*x)))))/2.0
2, comb, central, 2, 0.0, 2.4, 20.0, 1000.0, 0, 1, (((0.880806+(0.00260731*x))+(-6.34175e-06*(x*x)))+(4.16595e-09*(x*(x*x))))
2, comb, up, 2, 0.0, 2.4, 20.0, 1000.0, 0, 1, (((0.880806+(0.00260731*x))+(-6.34175e-06*(x*x)))+(4.16595e-09*(x*(x*x)))) + ((((1.0665+(0.00390554*x))+(-9.56049e-06*(x*x)))+(6.34952e-09*(x*(x*x))))-(((0.69514+(0.00130476*x))+(-3.11214e-06*(x*x)))+(1.97786e-09*(x*(x*x)))))/2.0
2, comb, down, 2, 0.0, 2.4, 20.0, 1000.0, 0, 1, (((0.880806+(0.00260731*x))+(-6.34175e-06*(x*x)))+(4.16595e-09*(x*(x*x)))) - ((((1.0665+(0.00390554*x))+(-9.56049e-06*(x*x)))+(6.34952e-09*(x*(x*x))))-(((0.69514+(0.00130476*x))+(-3.11214e-06*(x*x)))+(1.97786e-09*(x*(x*x)))))/2.0
